name,users,statuses,6,12,24,72
mastodon.social,878051.0,42437869.0,332.0,567.0,1324.0,23894.0
pawoo.net,779776.0,67344949.0,0.0,0.0,903.0,6011.0
mstdn.jp,290088.0,62064556.0,191.0,659.0,3412.0,19789.0
mastodon.cloud,228801.0,4543809.0,109.0,230.0,444.0,2527.0
mastodon.online,164700.0,2546702.0,-14.0,-28.0,-22.0,67.0
mas.to,126996.0,1719791.0,-28.0,-62.0,-114.0,14383.0
mastodon.world,91268.0,285367.0,6013.0,11265.0,20605.0,61115.0
mastodon.lol,73916.0,581217.0,-12.0,-36.0,2693.0,26983.0
pixelfed.social,66109.0,443809.0,197.0,197.0,504.0,1634.0
c.im,60147.0,460232.0,75.0,158.0,308.0,3266.0
mastodon.uno,53525.0,566590.0,378.0,941.0,1640.0,10832.0
mastodonapp.uk,50914.0,290372.0,362.0,447.0,452.0,10860.0
fosstodon.org,46362.0,1269620.0,141.0,358.0,594.0,2177.0
universeodon.com,46123.0,118096.0,2361.0,4816.0,13028.0,30389.0
mastodon.top,42958.0,356267.0,9.0,2.0,-2.0,147.0
techhub.social,39021.0,60212.0,1359.0,2514.0,4530.0,
mamot.fr,38553.0,5960006.0,0.0,-2.0,-3.0,-16.0
mstdn.party,36122.0,170601.0,1164.0,1740.0,3134.0,15977.0
m.cmx.im,32370.0,3115729.0,53.0,140.0,358.0,1059.0
infosec.exchange,29908.0,332256.0,296.0,546.0,1054.0,4945.0
ohai.social,29794.0,91934.0,680.0,1153.0,2066.0,10861.0
troet.cafe,28531.0,855415.0,281.0,702.0,988.0,4309.0
masto.ai,27948.0,136386.0,1429.0,3179.0,6146.0,16138.0
alive.bar,27741.0,3069314.0,5.0,11.0,31.0,85.0
sfba.social,27470.0,121901.0,556.0,819.0,1371.0,4512.0
masthead.social,27025.0,437753.0,36.0,73.0,131.0,1115.0
poa.st,26970.0,3720193.0,10.0,14.0,26.0,106.0
qoto.org,24982.0,904286.0,32.0,59.0,98.0,539.0
mastodon.scot,24397.0,337408.0,3.0,403.0,834.0,4997.0
mastodon.nl,24314.0,179787.0,300.0,756.0,1095.0,5607.0
mastodon.xyz,24123.0,1759253.0,1.0,6.0,13.0,257.0
mastodon.technology,23581.0,1291013.0,-4.0,-7.0,-9.0,-29.0
mindly.social,23215.0,119297.0,-5.0,-14.0,-32.0,3758.0
home.social,23054.0,77611.0,209.0,459.0,759.0,4228.0
toot.community,22435.0,182323.0,5.0,12.0,-1.0,4442.0
kolektiva.social,21619.0,438738.0,481.0,950.0,1676.0,6144.0
hachyderm.io,20904.0,118128.0,904.0,1595.0,2701.0,9305.0
wxw.moe,20052.0,5362129.0,8.0,-19.0,12.0,119.0
tkz.one,19622.0,85606.0,596.0,970.0,1140.0,8716.0
social.tchncs.de,19275.0,1704692.0,27.0,51.0,73.0,303.0
mstdn.ca,19202.0,84751.0,894.0,1627.0,3601.0,14088.0
ioc.exchange,19153.0,120039.0,299.0,597.0,1049.0,4473.0
mastodon.gamedev.place,18283.0,204100.0,149.0,297.0,480.0,3932.0
mastodon.bida.im,18207.0,787900.0,25.0,36.0,36.0,605.0
mastodon.ie,17368.0,223387.0,118.0,271.0,390.0,2304.0
mastodon.au,16750.0,28311.0,237.0,1033.0,3560.0,15808.0
mastouille.fr,16705.0,39325.0,-478.0,-296.0,-69.0,8834.0
m.rthome.me,16572.0,629.0,0.0,2.0,2.0,6.0
mstdn.io,16214.0,2509441.0,-5.0,-35.0,-145.0,-376.0
abdl.link,16144.0,271618.0,6.0,9.0,12.0,184.0
mastodon.com.tr,15316.0,145325.0,0.0,-3.0,-3.0,1361.0
o3o.ca,15083.0,4634524.0,-8.0,19.0,44.0,137.0
piaille.fr,14797.0,137104.0,377.0,784.0,1093.0,9137.0
toot.wales,13143.0,161068.0,23.0,67.0,109.0,782.0
mastodontech.de,13114.0,114002.0,-3.0,15.0,38.0,1121.0
det.social,13053.0,124528.0,66.0,139.0,202.0,970.0
bitcoinhackers.org,13051.0,829233.0,4.0,7.0,17.0,89.0
eldritch.cafe,12636.0,1845498.0,9.0,11.0,12.0,74.0
nrw.social,12629.0,155913.0,145.0,350.0,514.0,2180.0
thu.closed.social,12442.0,108181.0,6.0,11.0,15.0,39.0
octodon.social,12155.0,2183933.0,4.0,3.0,8.0,40.0
noc.social,12088.0,94013.0,13.0,57.0,86.0,519.0
masto.pt,11804.0,155940.0,55.0,99.0,163.0,2445.0
www.masto.pt,11804.0,155940.0,53.0,100.0,163.0,2445.0
glasgow.social,11252.0,100525.0,252.0,535.0,823.0,2747.0
framapiaf.org,10823.0,2083583.0,-1.0,-3.0,-3.0,-5.0
newsie.social,10766.0,28530.0,391.0,619.0,1130.0,7684.0
norden.social,10615.0,564527.0,71.0,190.0,244.0,939.0
chaos.social,10317.0,3210380.0,0.0,-1.0,-1.0,67.0
twingyeo.kr,10278.0,1214898.0,0.0,-1.0,-1.0,-30.0
social.linux.pizza,10134.0,243964.0,-2.0,25.0,79.0,379.0
sueden.social,9627.0,75704.0,129.0,273.0,373.0,1269.0
mstdn.tokyocameraclub.com,9533.0,109009.0,0.0,1.0,5.0,31.0
climatejustice.social,9509.0,136401.0,0.0,-1.0,-2.0,-38.0
indieweb.social,9210.0,72987.0,52.0,101.0,173.0,644.0
meow.social,9150.0,699169.0,38.0,55.0,110.0,843.0
planet.moe,8754.0,379152.0,17.0,69.0,197.0,3539.0
social.cologne,8706.0,87173.0,88.0,203.0,292.0,1162.0
ro-mastodon.puyo.jp,8551.0,2091701.0,0.0,1.0,1.0,5.0
ruhr.social,8195.0,152416.0,56.0,132.0,180.0,821.0
me.ns.ci,7777.0,787612.0,2.0,4.0,8.0,17.0
socel.net,7766.0,57776.0,36.0,128.0,356.0,1814.0
masto.nu,7630.0,4679.0,439.0,2039.0,2134.0,7186.0
muenchen.social,7569.0,125506.0,77.0,182.0,256.0,837.0
tech.lgbt,7377.0,466233.0,13.0,18.0,28.0,533.0
101010.pl,7356.0,128505.0,19.0,40.0,53.0,481.0
hessen.social,7137.0,54838.0,97.0,192.0,277.0,862.0
pewtix.com,6865.0,10818.0,54.0,112.0,211.0,2457.0
social.vivaldi.net,6855.0,19224.0,207.0,448.0,841.0,3889.0
social.anoxinon.de,6750.0,97775.0,91.0,192.0,278.0,844.0
g0v.social,6713.0,584850.0,-5.0,42.0,108.0,1039.0
social.librem.one,6667.0,122928.0,1.0,3.0,3.0,9.0
hostux.social,6666.0,301269.0,51.0,82.0,119.0,445.0
h4.io,6598.0,18348.0,27.0,56.0,102.0,703.0
social.dev-wiki.de,6292.0,20210.0,55.0,155.0,251.0,788.0
ieji.de,6229.0,92930.0,15.0,13.0,19.0,103.0
queer.party,6223.0,736019.0,2.0,3.0,5.0,29.0
vis.social,6079.0,82468.0,11.0,24.0,32.0,139.0
econtwitter.net,5956.0,36060.0,57.0,100.0,152.0,864.0
imastodon.net,5562.0,14332662.0,0.0,1.0,2.0,21.0
dju.social,5560.0,7822.0,16.0,48.0,72.0,1114.0
kirakiratter.com,5536.0,2526081.0,0.0,0.0,0.0,0.0
twit.social,5001.0,38219.0,111.0,159.0,246.0,717.0
lou.lt,4998.0,87624.0,0.0,0.0,0.0,7.0
social.politicaconciencia.org,4949.0,222401.0,39.0,95.0,179.0,1186.0
union.place,4839.0,8659.0,64.0,30.0,217.0,4702.0
scholar.social,4833.0,332278.0,0.0,0.0,0.0,-6.0
mstdn.guru,4675.0,1521823.0,0.0,0.0,0.0,8.0
vocalodon.net,4666.0,4251386.0,12.0,44.0,118.0,573.0
mastodont.cat,4559.0,695048.0,3.0,8.0,10.0,294.0
gensokyo.town,4509.0,489454.0,0.0,0.0,1.0,4.0
pouet.chapril.org,4501.0,159828.0,-1.0,-4.0,-8.0,-21.0
ura-mstdn.com,4445.0,36106.0,1.0,1.0,3.0,10.0
metalhead.club,4384.0,173346.0,-1.0,-2.0,-5.0,120.0
www.sociale.network,4147.0,146115.0,9.0,16.0,28.0,125.0
sociale.network,4147.0,146115.0,9.0,16.0,28.0,125.0
linuxrocks.online,4050.0,182308.0,2.0,4.0,7.0,14.0
mastodon.eus,4001.0,163305.0,13.0,35.0,58.0,388.0
ruby.social,3960.0,44742.0,6.0,14.0,30.0,128.0
lor.sh,3903.0,252603.0,14.0,32.0,52.0,510.0
witches.live,3861.0,507043.0,20.0,33.0,57.0,330.0
1234.as,3804.0,519295.0,2.0,2.0,4.0,9.0
social.targaryen.house,3801.0,108176.0,0.0,0.0,0.0,0.0
todon.eu,3719.0,250351.0,-1.0,-1.0,-2.0,-3.0
freeatlantis.com,3559.0,1662286.0,1.0,0.0,2.0,5.0
bear.community,3535.0,52879.0,11.0,18.0,26.0,65.0
rollenspiel.social,3381.0,85128.0,11.0,22.0,28.0,131.0
dresden.network,3302.0,75723.0,14.0,18.0,28.0,128.0
ecoevo.social,3299.0,27852.0,46.0,96.0,171.0,
writing.exchange,3295.0,178598.0,-1.0,-1.0,-3.0,-6.0
zirk.us,3275.0,55649.0,76.0,119.0,197.0,1053.0
photog.social,3256.0,113110.0,0.0,2.0,1.0,76.0
tabletop.social,3139.0,110338.0,1.0,2.0,6.0,14.0
yiff.life,3071.0,756072.0,7.0,12.0,17.0,125.0
bgme.me,3033.0,2970991.0,0.0,1.0,4.0,16.0
xarxa.cloud,2970.0,49331.0,-2.0,-2.0,-8.0,267.0
pol.social,2961.0,10945.0,87.0,229.0,366.0,2465.0
toot.cafe,2913.0,269052.0,0.0,0.0,-1.0,0.0
cybre.space,2857.0,3344809.0,0.0,0.0,0.0,-2.0
urbanists.social,2784.0,9310.0,155.0,261.0,483.0,2078.0
freeradical.zone,2767.0,412050.0,2.0,2.0,1.0,5.0
hispagatos.space,2765.0,63851.0,-27.0,1.0,10.0,75.0
wandering.shop,2735.0,673643.0,-1.0,-1.0,4.0,114.0
toot.funami.tech,2723.0,7304.0,8.0,56.0,220.0,2513.0
qdon.space,2714.0,218075.0,12.0,46.0,122.0,897.0
hearthtodon.com,2675.0,428696.0,0.0,0.0,0.0,0.0
lile.cl,2542.0,32241.0,33.0,73.0,215.0,1552.0
mstdn.fr,2516.0,291580.0,0.0,0.0,0.0,0.0
acg.mn,2449.0,146116.0,0.0,2.0,4.0,7.0
phpc.social,2413.0,40513.0,27.0,63.0,118.0,427.0
best-friends.chat,2406.0,11183410.0,1.0,8.0,13.0,54.0
ika.queloud.net,2364.0,1374356.0,0.0,0.0,1.0,8.0
elekk.xyz,2331.0,1313066.0,0.0,0.0,-2.0,-4.0
toot.aquilenet.fr,2300.0,137486.0,92.0,165.0,216.0,666.0
genomic.social,2298.0,14627.0,31.0,55.0,103.0,
hello.2heng.xin,2294.0,190073.0,0.0,0.0,1.0,5.0
kfem.cat,2284.0,10758.0,23.0,51.0,83.0,439.0
eletusk.club,2282.0,2182943.0,1.0,2.0,2.0,3.0
mastodon.cipherbliss.com,2278.0,61479.0,0.0,0.0,0.0,-1.0
mast.dragon-fly.club,2257.0,86259.0,14.0,41.0,102.0,243.0
toot.cat,2243.0,302367.0,8.0,9.0,14.0,45.0
libretooth.gr,2242.0,148150.0,80.0,-32.0,-3.0,212.0
anarchism.space,2125.0,241189.0,0.0,0.0,0.0,1.0
mastodon.la,2123.0,363828.0,1.0,9.0,13.0,332.0
freiburg.social,2115.0,48319.0,8.0,31.0,37.0,113.0
lgbt.io,2104.0,269953.0,0.0,0.0,0.0,2.0
layer8.space,2073.0,116581.0,4.0,11.0,22.0,58.0
mastodon.me.uk,2072.0,69140.0,0.0,0.0,6.0,76.0
mstdn.maud.io,2046.0,5815787.0,0.0,1.0,2.0,10.0
mstdn.kemono-friends.info,2034.0,8689496.0,0.0,0.0,1.0,1.0
freespeechextremist.com,2030.0,1700311.0,2.0,6.0,7.0,13.0
mastodon.com.br,2003.0,136893.0,-1.0,0.0,1.0,46.0
kurry.social,1992.0,29453.0,14.0,26.0,45.0,318.0
mastodon-belgium.be,1989.0,39084.0,66.0,142.0,183.0,864.0
oslo.town,1968.0,14015.0,11.0,30.0,42.0,103.0
dizl.de,1961.0,20241.0,0.0,6.0,19.0,273.0
anticapitalist.party,1959.0,322389.0,0.0,0.0,0.0,2.0
peoplemaking.games,1952.0,17092.0,9.0,11.0,-82.0,705.0
digitalcourage.social,1949.0,126494.0,11.0,29.0,34.0,139.0
bildung.social,1933.0,76192.0,25.0,49.0,66.0,195.0
mastodonczech.cz,1916.0,4032.0,198.0,412.0,591.0,1175.0
fsmi.social,1911.0,12423.0,0.0,0.0,1.0,2.0
sunbeam.city,1894.0,510548.0,0.0,0.0,0.0,2.0
tooting.ch,1877.0,81629.0,9.0,16.0,23.0,64.0
Equestria.Social,1860.0,234401.0,21.0,30.0,70.0,392.0
equestria.social,1860.0,234401.0,21.0,30.0,70.0,392.0
mastodon.gougere.fr,1851.0,203566.0,0.0,0.0,1.0,4.0
mastodon.radio,1829.0,71300.0,29.0,45.0,62.0,202.0
mstdn.osaka,1813.0,1782978.0,0.0,0.0,2.0,5.0
mastodon.cc,1808.0,44360.0,2.0,3.0,7.0,41.0
mastodon.juggler.jp,1794.0,723475.0,0.0,1.0,1.0,3.0
snabelen.no,1786.0,47319.0,16.0,25.0,36.0,132.0
ani.work,1775.0,48111.0,449.0,460.0,490.0,776.0
seaofog.com,1726.0,200719.0,1.0,3.0,4.0,9.0
explosion.party,1709.0,20139.0,1.0,2.0,4.0,11.0
photodn.net,1684.0,123449.0,2.0,2.0,5.0,9.0
mastodon.org.uk,1682.0,158147.0,2.0,33.0,37.0,36.0
tea.codes,1677.0,16620.0,0.0,5.0,11.0,67.0
mastodon.arch-linux.cz,1649.0,7169.0,31.0,93.0,124.0,198.0
berlin.social,1643.0,22946.0,29.0,70.0,85.0,353.0
social.coop,1634.0,327843.0,5.0,8.0,17.0,43.0
otoya.space,1629.0,67080.0,0.0,0.0,3.0,7.0
aleph.land,1594.0,218184.0,3.0,4.0,5.0,13.0
bsd.network,1557.0,305793.0,0.0,-1.0,-1.0,-1.0
mastodon.pirateparty.be,1550.0,411557.0,-5.0,-6.0,7.0,55.0
romancelandia.club,1547.0,29247.0,27.0,38.0,75.0,281.0
social.coletivos.org,1460.0,25772.0,0.0,0.0,-1.0,-2.0
mental.social,1426.0,1153004.0,0.0,0.0,3.0,11.0
sciences.social,1419.0,11073.0,56.0,107.0,151.0,485.0
tilde.zone,1390.0,128049.0,-7.0,14.0,15.0,112.0
cawfee.club,1357.0,177239.0,2.0,1.0,3.0,19.0
vmst.io,1338.0,8230.0,0.0,-1.0,79.0,850.0
graz.social,1338.0,33249.0,-1.0,-1.0,-2.0,104.0
monado.ren,1317.0,319058.0,0.0,1.0,1.0,1.0
social.chinwag.org,1315.0,136282.0,0.0,0.0,0.0,-1.0
defcon.social,1305.0,2701.0,45.0,104.0,236.0,907.0
shelter.moe,1292.0,192032.0,2.0,5.0,4.0,112.0
vulpine.club,1283.0,962064.0,2.0,2.0,4.0,20.0
plural.cafe,1280.0,208367.0,1.0,0.0,6.0,21.0
scicomm.xyz,1275.0,37957.0,-2.0,-2.0,-2.0,-1.0
medibubble.org,1269.0,31803.0,19.0,39.0,52.0,186.0
disabled.social,1261.0,11769.0,30.0,134.0,296.0,649.0
stereodon.social,1241.0,19100.0,0.0,0.0,0.0,-1.0
eigadon.net,1235.0,25113.0,0.0,1.0,2.0,4.0
activism.openworlds.info,1224.0,58786.0,0.0,0.0,0.0,-1597.0
fedi.absturztau.be,1223.0,795932.0,0.0,1.0,0.0,4.0
go5.dev,1178.0,289441.0,0.0,0.0,0.0,0.0
toot.site,1157.0,173051.0,9.0,15.0,49.0,176.0
toot.turbo.chat,1156.0,28728.0,0.0,0.0,0.0,0.0
kemonodon.club,1144.0,652923.0,0.0,0.0,3.0,6.0
mastodon.uy,1143.0,75132.0,5.0,1.0,25.0,149.0
maly.io,1100.0,135807.0,28.0,92.0,172.0,222.0
is.nota.live,1098.0,295713.0,0.0,0.0,-1.0,7.0
kopiti.am,1093.0,13516.0,4.0,12.0,20.0,123.0
girlcock.club,1088.0,329305.0,2.0,5.0,10.0,46.0
mstdn.mx,1087.0,92375.0,1.0,4.0,11.0,86.0
patriot.online,1080.0,24664.0,2.0,3.0,6.0,30.0
catdon.life,1036.0,85980.0,0.0,0.0,0.0,1.0
fulda.social,1035.0,35453.0,80.0,89.0,116.0,581.0
bbq.snoot.com,1015.0,13877.0,2.0,6.0,23.0,181.0
dobbs.town,1014.0,141931.0,0.0,0.0,1.0,1.0
mastodol.jp,994.0,156638.0,0.0,1.0,2.0,5.0
mastodonners.nl,989.0,1237.0,113.0,278.0,434.0,936.0
uwu.social,982.0,251138.0,3.0,8.0,11.0,47.0
ludosphere.fr,981.0,28208.0,12.0,22.0,26.0,81.0
mastorol.es,964.0,6275.0,8.0,24.0,39.0,795.0
eupolicy.social,960.0,11433.0,10.0,24.0,39.0,219.0
trpg.cloud,950.0,124485.0,0.0,0.0,0.0,2.0
fandom.ink,945.0,193908.0,12.0,14.0,24.0,140.0
artisan.chat,945.0,15844.0,21.0,33.0,52.0,202.0
social.slat.org,939.0,13883.0,0.0,0.0,1.0,27.0
kith.kitchen,934.0,37376.0,-1.0,-1.0,-1.0,-3.0
natudon-outdoor.net,932.0,2217.0,0.0,0.0,0.0,0.0
mograph.social,932.0,14053.0,2.0,3.0,7.0,336.0
im-in.space,908.0,71391.0,3.0,4.0,7.0,28.0
mastodon.bitbank.cc,891.0,52731.0,0.0,0.0,0.0,0.0
mastodon.vlaanderen,882.0,2440.0,22.0,5.0,-17.0,396.0
halifaxsocial.ca,863.0,11468.0,6.0,15.0,24.0,285.0
bonn.social,860.0,118240.0,5.0,11.0,13.0,47.0
zh-cn.toots.social,848.0,37380.0,0.0,0.0,0.0,1.0
toots.social,848.0,37380.0,0.0,0.0,0.0,1.0
ephemeral.glitch.social,842.0,29.0,1.0,1.0,1.0,2.0
icosahedron.website,836.0,381254.0,2.0,3.0,3.0,11.0
chitter.xyz,827.0,867140.0,2.0,3.0,6.0,34.0
stereophonic.space,826.0,353998.0,2.0,5.0,9.0,27.0
floss.social,822.0,230571.0,-4.0,6.0,11.0,43.0
mastodon.tetaneutral.net,820.0,153932.0,1.0,3.0,3.0,6.0
mast.moe,808.0,333785.0,0.0,0.0,0.0,0.0
jawns.club,808.0,31245.0,7.0,7.0,15.0,95.0
pokemon.mastportal.info,804.0,2144992.0,0.0,1.0,4.0,14.0
summoners-riftodon.jp,797.0,56555.0,0.0,0.0,0.0,0.0
digforfire.org,794.0,206869.0,0.0,0.0,0.0,0.0
toot.thoughtworks.com,783.0,14294.0,0.0,0.0,0.0,10.0
piano.masto.host,762.0,3339.0,1.0,2.0,2.0,8.0
social.sciences.re,752.0,11676.0,14.0,29.0,38.0,232.0
openbiblio.social,746.0,42646.0,6.0,8.0,10.0,56.0
flower.afn.social,734.0,9123288.0,0.0,0.0,0.0,0.0
bolha.us,733.0,6863.0,20.0,24.0,40.0,303.0
mastodon.mit.edu,732.0,174317.0,3.0,3.0,5.0,44.0
rheinneckar.social,722.0,2489.0,69.0,173.0,189.0,440.0
mstdn.beer,704.0,5072113.0,1.0,4.0,5.0,23.0
toot.si,703.0,17751.0,14.0,28.0,47.0,215.0
gruene.social,697.0,52695.0,7.0,14.0,14.0,51.0
onion.social,695.0,4815.0,0.0,0.0,0.0,0.0
kazv.moe,685.0,89768.0,0.0,0.0,-1.0,1.0
discuss.systems,684.0,2080.0,59.0,93.0,144.0,415.0
sizedon.com,683.0,8784.0,0.0,0.0,0.0,0.0
ramen.iu0.win,675.0,97126.0,0.0,0.0,0.0,1.0
jorts.horse,658.0,592779.0,15.0,20.0,33.0,144.0
9kb.me,651.0,166656.0,1.0,1.0,1.0,1.0
col.social,646.0,21498.0,2.0,5.0,7.0,109.0
social.trom.tf,645.0,94500.0,0.0,0.0,0.0,0.0
kawen.space,639.0,408698.0,0.0,0.0,0.0,0.0
glammr.us,632.0,55461.0,10.0,19.0,31.0,139.0
oldbytes.space,627.0,113216.0,1.0,-1.0,-1.0,-3.0
pleroma.pt,621.0,22292.0,-1.0,-1.0,1.0,6.0
literatur.social,621.0,95537.0,5.0,20.0,22.0,66.0
macaw.social,614.0,4474.0,17.0,19.0,56.0,159.0
toot.kif.rocks,597.0,70938.0,5.0,7.0,9.0,26.0
mastodon.cosmicanimal.jp,594.0,15737.0,0.0,0.0,0.0,0.0
mastodon.cisti.org,577.0,155173.0,0.0,0.0,0.0,-1.0
xoxo.zone,577.0,66638.0,-1.0,-1.0,0.0,11.0
seo.chat,575.0,531.0,16.0,29.0,51.0,252.0
wetdry.world,574.0,29944.0,9.0,17.0,40.0,236.0
lesbiab.space,560.0,27665.0,0.0,0.0,0.0,0.0
mstdn.es,560.0,52955.0,12.0,26.0,37.0,309.0
biplus.date,555.0,75377.0,0.0,1.0,3.0,7.0
mastodon.triggerphra.se,552.0,11891.0,1.0,2.0,4.0,17.0
m.moe.cat,550.0,29067.0,0.0,0.0,0.0,1.0
moe.cat,550.0,29067.0,0.0,0.0,0.0,1.0
cztwitter.cz,544.0,6703.0,8.0,19.0,25.0,156.0
rivals.space,543.0,80892.0,22.0,33.0,35.0,133.0
witter.cz,543.0,2344.0,10.0,28.0,52.0,234.0
oransns.com,538.0,906040.0,0.0,0.0,0.0,0.0
toot.portes-imaginaire.org,535.0,11085.0,3.0,4.0,3.0,23.0
worldkey.io,528.0,6301.0,14.0,17.0,27.0,247.0
www.mstddntfdn.online,523.0,11907.0,0.0,0.0,0.0,6.0
yakyudon.net,522.0,85254.0,0.0,0.0,1.0,4.0
nafo.uk,512.0,4135.0,15.0,27.0,35.0,452.0
social.treehouse.systems,501.0,22848.0,25.0,65.0,121.0,172.0
darmstadt.social,500.0,13604.0,7.0,12.0,13.0,49.0
mastodon.design,497.0,13294.0,0.0,-1.0,-2.0,-2.0
dtp-mstdn.jp,479.0,34954.0,0.0,0.0,0.0,0.0
h5q.net,477.0,12938.0,5.0,9.0,17.0,43.0
en.osm.town,466.0,18545.0,2.0,3.0,5.0,20.0
imastodon.org,463.0,32881.0,0.0,-1.0,0.0,0.0
thicc.horse,461.0,14198.0,2.0,6.0,9.0,49.0
rcsocial.net,461.0,20677.0,0.0,1.0,2.0,10.0
tyrol.social,461.0,5603.0,25.0,66.0,111.0,287.0
abyss.fun,460.0,481483.0,0.0,0.0,0.0,2.0
functional.cafe,458.0,139794.0,2.0,3.0,8.0,20.0
mastodon.sandwich.net,458.0,32642.0,1.0,1.0,1.0,11.0
obo.sh,450.0,11068.0,6.0,13.0,33.0,85.0
gingadon.com,450.0,524962.0,0.0,0.0,0.0,4.0
pleroma.soykaf.com,448.0,277678.0,0.0,0.0,0.0,0.0
glaceon.social,446.0,458383.0,1.0,2.0,3.0,9.0
social.datalabour.com,445.0,38441.0,1.0,2.0,3.0,7.0
toot.lv,444.0,3476.0,27.0,54.0,78.0,
mastodon.acc.sunet.se,442.0,15319.0,1.0,1.0,1.0,9.0
slashine.onl,439.0,218003.0,0.0,0.0,0.0,0.0
social.mikutter.hachune.net,428.0,1359718.0,0.0,0.0,1.0,4.0
masto.es,423.0,4830.0,9.0,18.0,32.0,
retro.pizza,422.0,13211.0,6.0,13.0,32.0,124.0
osna.social,421.0,14780.0,1.0,3.0,3.0,10.0
mastodon.bayern,414.0,18532.0,1.0,0.0,2.0,19.0
weeaboo.space,414.0,118865.0,0.0,0.0,0.0,0.0
social.diva.exchange,412.0,1177.0,0.0,0.0,0.0,5.0
hub.mtf.party,412.0,3465.0,2.0,3.0,3.0,4.0
glitch.social,408.0,462153.0,0.0,0.0,0.0,0.0
digipres.club,408.0,25391.0,1.0,3.0,7.0,38.0
hokutodon.co,403.0,440346.0,0.0,0.0,0.0,1.0
masto.ninja,399.0,19736.0,0.0,-1.0,-1.0,-1.0
bangdream.space,388.0,98096.0,1.0,1.0,2.0,5.0
libertalia.world,375.0,107894.0,0.0,0.0,0.0,0.0
letsalllovela.in,372.0,323884.0,0.0,0.0,0.0,0.0
mstdn.nere9.help,370.0,1016401.0,0.0,0.0,2.0,4.0
kirche.social,368.0,51078.0,5.0,,,
plush.city,363.0,444362.0,5.0,5.0,7.0,17.0
mstdn.glorificatio.org,360.0,22761.0,0.0,0.0,0.0,1.0
mastodon.nzoss.nz,354.0,59813.0,1.0,2.0,5.0,9.0
mastodon.be,354.0,194.0,26.0,48.0,80.0,
utopia.cool,347.0,233023.0,0.0,0.0,0.0,-1.0
matitodon.com,346.0,260569.0,0.0,0.0,0.0,4.0
mspsocial.net,343.0,257758.0,0.0,0.0,0.0,17.0
occm.cc,339.0,137927.0,4.0,3.0,3.0,31.0
mastodon.bachgau.social,339.0,3759.0,10.0,17.0,27.0,79.0
dair-community.social,339.0,4163.0,2.0,2.0,10.0,30.0
precure.ml,337.0,243254.0,0.0,0.0,0.0,0.0
famichiki.jp,337.0,9466.0,1.0,7.0,23.0,104.0
թութ.հայ,336.0,77976.0,0.0,0.0,0.0,1.0
xn--69aa8bzb.xn--y9a3aq,336.0,77976.0,0.0,0.0,0.0,1.0
7144.party,334.0,21105.0,0.0,0.0,0.0,3.0
imaginair.es,332.0,63037.0,0.0,0.0,1.0,9.0
mustardon.tokyo,330.0,47137.0,0.0,0.0,0.0,0.0
social.weho.st,329.0,47125.0,0.0,0.0,0.0,0.0
federatedfandom.net,327.0,3445.0,5.0,8.0,18.0,
mstdn.hyogo.jp,327.0,31912.0,0.0,0.0,0.0,2.0
seommunity.com,320.0,1137.0,1.0,1.0,1.0,14.0
mastodon.atikoro.net,320.0,1572.0,0.0,0.0,0.0,0.0
hackers.town,319.0,396963.0,0.0,0.0,2.0,2.0
federate.social,315.0,5940.0,4.0,8.0,23.0,100.0
kancolle.social,312.0,478915.0,1.0,1.0,1.0,2.0
m6n.onsen.tech,312.0,43236.0,0.0,0.0,0.0,1.0
emacs.ch,306.0,2663.0,11.0,17.0,26.0,67.0
fandom.community,306.0,3137.0,5.0,9.0,15.0,79.0
assemblag.es,305.0,5996.0,1.0,1.0,1.0,29.0
ielts.boats,304.0,70264.0,0.0,0.0,0.0,2.0
social.seattle.wa.us,302.0,7870.0,7.0,7.0,17.0,55.0
social.saarland,301.0,31582.0,0.0,-1.0,0.0,13.0
www.blimps.xyz,297.0,80712.0,4.0,5.0,5.0,15.0
m.hxbus.net,291.0,75476.0,0.0,0.0,0.0,0.0
social.wxcafe.net,288.0,136045.0,0.0,0.0,0.0,-1.0
augsburg.social,286.0,2852.0,2.0,10.0,12.0,44.0
janogdon.net,285.0,5209.0,0.0,0.0,0.0,0.0
a.sc,279.0,1487.0,2.0,4.0,6.0,15.0
wug.fun,277.0,98778.0,0.0,0.0,0.0,1.0
mastodon.tedomum.net,275.0,158674.0,0.0,0.0,0.0,1.0
rettiwtkcuf.social,274.0,10920.0,1.0,1.0,1.0,3.0
efdn.club,274.0,779612.0,-1.0,-1.0,-1.0,4.0
dragon.style,273.0,313385.0,1.0,1.0,1.0,1.0
kiritan.work,272.0,1643470.0,0.0,0.0,0.0,0.0
mastodon.im.sb,270.0,30964.0,0.0,0.0,0.0,0.0
handon.club,267.0,3275106.0,0.0,1.0,1.0,2.0
fanfare.horse,267.0,9139.0,0.0,0.0,0.0,2.0
mstdn.love,263.0,440672.0,0.0,0.0,1.0,7.0
heislandmine.work,262.0,1264173.0,0.0,0.0,0.0,0.0
mastodon.sergal.org,257.0,84705.0,0.0,0.0,0.0,5.0
gadget.inpocket.net,256.0,9420.0,0.0,0.0,0.0,0.0
pagan.plus,254.0,15841.0,0.0,0.0,0.0,6.0
natudon-fishing.net,254.0,292.0,0.0,0.0,0.0,0.0
mastodo.fi,253.0,5262.0,16.0,29.0,33.0,
animal-crossing.mastportal.info,252.0,120174.0,0.0,0.0,0.0,1.0
pony.social,251.0,12027.0,2.0,3.0,4.0,33.0
sleeping.town,246.0,919575.0,0.0,0.0,0.0,0.0
pcgamer.social,245.0,33133.0,0.0,0.0,0.0,2.0
kosmos.social,244.0,23551.0,0.0,0.0,0.0,0.0
diaspodon.fr,240.0,140089.0,0.0,0.0,0.0,0.0
iwatedon.net,239.0,194543.0,0.0,0.0,0.0,1.0
dragonscave.space,238.0,49590.0,1.0,1.0,4.0,32.0
masto.donte.com.br,238.0,428546.0,0.0,1.0,2.0,10.0
mastodos.com,237.0,162671.0,0.0,0.0,0.0,0.0
gearheads.social,236.0,1188.0,7.0,17.0,22.0,112.0
unnerv.jp,234.0,1115192.0,0.0,0.0,0.0,0.0
mastodon.lawprofs.org,234.0,1971.0,11.0,11.0,11.0,69.0
mst3k.interlinked.me,232.0,344202.0,0.0,0.0,0.0,0.0
mastodon.partecipa.digital,231.0,16825.0,0.0,0.0,0.0,3.0
kcmo.social,230.0,129895.0,2.0,2.0,4.0,12.0
mstdn.y-zu.org,230.0,411723.0,0.0,0.0,1.0,6.0
nixnet.social,230.0,23985.0,1.0,1.0,2.0,7.0
mastodon.education,227.0,2955.0,1.0,7.0,17.0,65.0
mastodon.jalgi.eus,226.0,32631.0,0.0,0.0,0.0,4.0
wp-social.net,224.0,10533.0,0.0,0.0,0.0,-1.0
tiny.tilde.website,224.0,121761.0,0.0,0.0,0.0,1.0
odakyu.app,224.0,324858.0,0.0,0.0,0.0,0.0
mastodonmusic.social,223.0,1888.0,19.0,30.0,45.0,135.0
mastodon.sk,222.0,191811.0,1.0,4.0,6.0,31.0
pritter.work,220.0,11153.0,0.0,0.0,0.0,0.0
federated.press,218.0,385.0,28.0,38.0,71.0,197.0
thefire.work,217.0,8197.0,0.0,0.0,0.0,3.0
chilemasto.casa,217.0,13035.0,0.0,0.0,0.0,-1.0
mstdn.poyo.me,216.0,1144456.0,0.0,0.0,0.0,4.0
democracy.town,215.0,403153.0,0.0,0.0,-1.0,0.0
m.g3l.org,214.0,181441.0,0.0,-1.0,-1.0,-1.0
pone.social,211.0,2116.0,1.0,1.0,1.0,4.0
zurich.social,210.0,445.0,-1.0,-1.0,-1.0,-2.0
nemushee.net,209.0,149070.0,0.0,0.0,0.0,2.0
fnordon.de,209.0,20272.0,1.0,3.0,5.0,20.0
theres.life,207.0,27389.0,0.0,0.0,2.0,6.0
kanoa.de,206.0,8716.0,0.0,0.0,0.0,5.0
antisocial.science,206.0,19857.0,0.0,0.0,-1.0,0.0
aana.site,204.0,38699.0,0.0,0.0,0.0,0.0
babymetal.party,204.0,4701.0,0.0,0.0,0.0,1.0
tzcafe.com,198.0,21917.0,0.0,0.0,0.0,0.0
eupublic.social,198.0,22130.0,0.0,0.0,1.0,13.0
kafeneio.social,197.0,128685.0,4.0,7.0,11.0,64.0
unipar.online,196.0,308.0,0.0,0.0,0.0,1.0
ausglam.space,196.0,18749.0,0.0,1.0,4.0,9.0
meteo.social,196.0,6865.0,0.0,5.0,5.0,35.0
fairy.id,195.0,52783.0,0.0,0.0,0.0,1.0
mastodon.opencloud.lu,195.0,12149.0,2.0,6.0,6.0,27.0
gomastodon.cz,193.0,267.0,7.0,12.0,12.0,33.0
social.unzensiert.to,193.0,157.0,0.0,0.0,0.0,0.0
persadon.com,193.0,63805.0,1.0,2.0,2.0,9.0
sawakai.space,190.0,1332.0,0.0,0.0,0.0,0.0
pleroma.envs.net,188.0,7906.0,1.0,1.0,1.0,5.0
puntarella.party,188.0,86775.0,0.0,2.0,4.0,11.0
mastodon.roflcopter.fr,187.0,1661.0,0.0,1.0,1.0,6.0
hyan.ink,186.0,13897.0,0.0,0.0,0.0,0.0
ukadon.shillest.net,184.0,128802.0,0.0,0.0,2.0,3.0
minohdon.jp,184.0,176834.0,0.0,0.0,0.0,0.0
mstdn.moe,177.0,24137.0,0.0,0.0,0.0,0.0
freedom.horse,177.0,68585.0,0.0,0.0,0.0,0.0
plustodon.net,176.0,76918.0,0.0,0.0,0.0,0.0
mstdn.superspeed-fall.com,174.0,66911.0,0.0,0.0,0.0,0.0
feuerwehr.social,173.0,1638.0,0.0,5.0,5.0,11.0
mstdn.schoolidol.club,172.0,5433.0,0.0,0.0,0.0,1.0
mastodon.codingfield.com,171.0,3476.0,0.0,0.0,0.0,0.0
catcatnya.com,171.0,35685.0,1.0,3.0,5.0,32.0
beach.city,169.0,177136.0,0.0,0.0,0.0,4.0
douzepoints.social,168.0,765.0,1.0,3.0,7.0,105.0
osomatsu.mastportal.info,167.0,13437.0,0.0,0.0,0.0,0.0
hed.im,165.0,482.0,11.0,17.0,26.0,122.0
earpnation.social,165.0,1465.0,15.0,15.0,16.0,
sjtu.closed.social,165.0,598.0,0.0,0.0,1.0,1.0
occitanie.social,160.0,14223.0,0.0,0.0,0.0,0.0
indiepocalypse.social,160.0,4933.0,5.0,7.0,16.0,51.0
mendeddrum.org,158.0,5505.0,4.0,6.0,12.0,37.0
justicewarrior.social,158.0,38117.0,0.0,0.0,0.0,0.0
code4lib.social,155.0,9798.0,0.0,0.0,1.0,2.0
gamemaking.social,154.0,16143.0,1.0,1.0,1.0,-1.0
cloudisland.nz,154.0,73559.0,0.0,0.0,2.0,
koreadon.com,153.0,212317.0,0.0,0.0,0.0,1.0
muensterland.social,153.0,3072.0,0.0,0.0,0.0,7.0
m-i.im,151.0,41256.0,0.0,0.0,0.0,0.0
friendicarg.nsupdate.info,150.0,6280.0,0.0,0.0,0.0,0.0
pounced-on.me,150.0,48067.0,2.0,2.0,2.0,11.0
piipitin.fi,150.0,5833.0,1.0,3.0,5.0,14.0
howlr.me,145.0,2035.0,0.0,0.0,0.0,4.0
booktoot.club,145.0,5758.0,0.0,0.0,-1.0,-1.0
mastodon.linuxbox.ninja,144.0,11716.0,0.0,0.0,0.0,2.0
vkl.world,144.0,1138.0,28.0,44.0,,
nwb.social,144.0,510.0,8.0,15.0,18.0,57.0
queer.af,143.0,91360.0,0.0,0.0,0.0,1.0
lingo.lol,141.0,4682.0,0.0,0.0,0.0,2.0
social.xenofem.me,141.0,40109.0,0.0,1.0,1.0,5.0
idf.social,139.0,11422.0,0.0,0.0,0.0,1.0
homoo.social,139.0,503726.0,0.0,0.0,0.0,3.0
pawb.fun,137.0,1578.0,5.0,8.0,20.0,72.0
plasticmodels.tokyo,137.0,25248.0,0.0,0.0,0.0,0.0
mastodon.uk.com,135.0,684.0,5.0,9.0,19.0,124.0
mofu.kemo.no,135.0,1405.0,0.0,0.0,0.0,0.0
masto.raildecake.fr,134.0,3589.0,0.0,0.0,0.0,0.0
social.076.ne.jp,134.0,12906.0,0.0,0.0,2.0,11.0
social.troll.academy,134.0,13807.0,0.0,0.0,0.0,1.0
medievalist.masto.host,133.0,5691.0,4.0,5.0,5.0,16.0
mastodon.cemea.org,133.0,3478.0,0.0,0.0,0.0,1.0
social.up.edu.ph,132.0,3751.0,0.0,1.0,1.0,5.0
tabletop.vip,131.0,2541.0,6.0,6.0,17.0,60.0
foresdon.jp,131.0,218932.0,0.0,0.0,0.0,0.0
ifrit.gaia.ff14-mstdn.xyz,131.0,12593.0,0.0,0.0,0.0,0.0
anonsys.net,131.0,15891.0,0.0,0.0,5.0,6.0
nagoyadon.jp,130.0,231029.0,0.0,0.0,0.0,0.0
pl.nudie.social,130.0,2810.0,4.0,7.0,7.0,15.0
la1.jp,129.0,1619.0,0.0,0.0,0.0,0.0
mstdn.mini4wd-engineer.com,126.0,130467.0,0.0,0.0,0.0,0.0
travelpandas.fr,125.0,15710.0,0.0,0.0,1.0,9.0
kurage.cc,125.0,29544.0,0.0,0.0,0.0,0.0
skastodon.com,124.0,2342.0,2.0,5.0,7.0,32.0
fedi.koyu.space,124.0,3036.0,0.0,0.0,0.0,0.0
eigenmagic.net,123.0,11810.0,1.0,1.0,2.0,5.0
appdot.net,123.0,103111.0,1.0,1.0,3.0,4.0
comicscamp.club,122.0,33031.0,0.0,0.0,1.0,7.0
soc.ua-fediland.de,121.0,10733.0,3.0,5.0,5.0,19.0
tusk.schoollibraries.net,121.0,2279.0,0.0,0.0,1.0,2.0
kitty.town,120.0,125175.0,0.0,0.0,0.0,1.0
bigshoulders.city,120.0,15737.0,0.0,0.0,0.0,17.0
cityofchicago.live,119.0,797.0,2.0,2.0,4.0,38.0
borahae.love,118.0,555.0,1.0,4.0,32.0,
unbound.social,116.0,1660.0,0.0,0.0,0.0,6.0
polyglot.city,114.0,29180.0,1.0,1.0,1.0,2.0
horrorhub.club,114.0,4757.0,8.0,13.0,15.0,76.0
social.horrorhub.club,114.0,4757.0,8.0,13.0,15.0,76.0
itabashi.0j0.jp,113.0,140870.0,0.0,0.0,0.0,1.0
livers.jp,112.0,2876.0,0.0,0.0,0.0,0.0
inari.opencocon.org,112.0,22226.0,0.0,0.0,0.0,1.0
mast.eu.org,112.0,85106.0,1.0,1.0,1.0,5.0
shigusegubu.club,112.0,459979.0,0.0,0.0,0.0,0.0
gla.fit,112.0,1218.0,0.0,0.0,0.0,0.0
tha.closed.social,110.0,771.0,0.0,0.0,1.0,1.0
ftb.masto.host,110.0,314073.0,0.0,0.0,0.0,0.0
gamelinks007.net,109.0,293143.0,0.0,0.0,0.0,0.0
musicdn.jp,109.0,7223.0,-1.0,-1.0,0.0,1.0
orwell.fun,108.0,2625.0,1.0,2.0,4.0,9.0
shadowverdon.info,108.0,101179.0,0.0,0.0,0.0,0.0
c18.masto.host,104.0,6046.0,2.0,3.0,,
corteximplant.com,104.0,5377.0,1.0,3.0,2.0,43.0
conversafiada.net,104.0,2717.0,0.0,6.0,11.0,43.0
august-don.site,104.0,1045.0,0.0,0.0,0.0,0.0
mstdn.res.ac,103.0,87569.0,0.0,0.0,0.0,0.0
snaggletooth.life,103.0,175418.0,0.0,0.0,0.0,3.0
hsnl.social,103.0,1659.0,1.0,3.0,4.0,15.0
doll.social,102.0,19446.0,0.0,0.0,0.0,0.0
pao.moe,102.0,46473.0,0.0,0.0,0.0,0.0
mstdn.hostdon.jp,101.0,926.0,0.0,0.0,0.0,3.0
vermont.masto.host,101.0,640.0,3.0,6.0,11.0,
rhabarberbarbara.bar,100.0,60101.0,0.0,0.0,0.0,0.0
topspicy.social,100.0,12953.0,0.0,2.0,1.0,
radiosocial.de,98.0,5708.0,1.0,1.0,2.0,5.0
social.bim.land,98.0,12132.0,1.0,1.0,1.0,1.0
thecanadian.social,97.0,4805.0,3.0,3.0,7.0,32.0
brandenburg.social,96.0,1036.0,1.0,2.0,2.0,16.0
mastodon.underworld.fr,94.0,3563.0,0.0,0.0,0.0,6.0
cathode.church,94.0,53638.0,0.0,0.0,2.0,3.0
social.apreslanu.it,94.0,11508.0,0.0,0.0,0.0,1.0
toot.krinetzki.de,92.0,17650.0,1.0,1.0,1.0,1.0
mastodon.mg,92.0,4524.0,0.0,0.0,0.0,6.0
fimidi.com,91.0,17474.0,2.0,2.0,2.0,5.0
topic-master.com,90.0,378.0,0.0,0.0,0.0,4.0
b612.me,90.0,54891.0,0.0,0.0,0.0,0.0
bonequest.net,89.0,527.0,3.0,4.0,7.0,23.0
elict.net,87.0,5085.0,0.0,0.0,0.0,0.0
mstdn.tentere.net,86.0,4118.0,0.0,0.0,0.0,1.0
floe.earth,86.0,1132.0,0.0,2.0,3.0,24.0
lehrerzimmer.social,85.0,1908.0,0.0,1.0,3.0,9.0
k8s.social,85.0,531.0,0.0,0.0,1.0,6.0
genealysis.social,85.0,1301.0,17.0,19.0,30.0,60.0
mastodon.earth,85.0,3196.0,0.0,0.0,0.0,0.0
clube.social,83.0,976.0,0.0,0.0,3.0,22.0
leftodon.social,83.0,1710.0,2.0,6.0,8.0,
toot.blue,83.0,70553.0,0.0,1.0,3.0,6.0
tooter.social,82.0,12275.0,1.0,3.0,3.0,11.0
mstdn.ai,82.0,1169.0,4.0,8.0,14.0,40.0
mstdn.lalafell.org,81.0,6498.0,0.0,0.0,0.0,1.0
die-partei.social,81.0,219351.0,2.0,3.0,4.0,7.0
webperf.social,81.0,220.0,3.0,9.0,11.0,46.0
aut.social,80.0,498.0,3.0,6.0,7.0,30.0
indiehackers.social,80.0,459.0,2.0,4.0,5.0,14.0
links.potsda.mn,79.0,6146.0,1.0,1.0,1.0,4.0
esq.social,79.0,1957.0,4.0,4.0,15.0,34.0
epicure.social,79.0,524.0,7.0,10.0,12.0,66.0
outpoa.st,79.0,3296.0,0.0,1.0,4.0,14.0
slime.global,77.0,537453.0,0.0,0.0,0.0,1.0
mastodon.motcha.tech,77.0,234595.0,0.0,0.0,0.0,0.0
musicians.today,77.0,940.0,3.0,8.0,23.0,53.0
maho.app,76.0,942432.0,0.0,0.0,0.0,0.0
mhz.social,75.0,3201.0,0.0,0.0,0.0,0.0
china.al,75.0,4721.0,0.0,0.0,0.0,1.0
eientei.org,74.0,33052.0,1.0,1.0,1.0,3.0
mstdn.starnix.network,73.0,69021.0,0.0,0.0,-1.0,0.0
bytetower.social,73.0,1403.0,2.0,3.0,6.0,20.0
birdsite.link,72.0,12.0,0.0,0.0,0.0,0.0
cultur.social,71.0,122.0,1.0,1.0,3.0,16.0
fem.social,71.0,52952.0,0.0,0.0,0.0,2.0
pokemon.men,70.0,550822.0,0.0,0.0,0.0,1.0
tty0.social,70.0,952.0,2.0,2.0,3.0,12.0
craftodon.social,70.0,1540.0,3.0,3.0,4.0,20.0
aspiechattr.me,70.0,200785.0,0.0,0.0,0.0,0.0
subversive.zone,69.0,27459.0,0.0,0.0,0.0,0.0
froth.zone,69.0,54644.0,0.0,0.0,1.0,0.0
seizemeans.com,69.0,4188.0,0.0,0.0,0.0,0.0
toot.shoes,68.0,226.0,0.0,0.0,0.0,1.0
hostsharing.coop,68.0,29328.0,0.0,0.0,0.0,1.0
myidanonymous.me,68.0,279.0,0.0,0.0,0.0,1.0
roleplayers.bub.org,68.0,17675.0,2.0,2.0,2.0,7.0
the.voiceover.bar,68.0,566.0,2.0,6.0,9.0,48.0
toot.party,68.0,33477.0,0.0,0.0,0.0,0.0
yukari.cafe,67.0,24495.0,0.0,0.0,0.0,0.0
cyberfurz.social,67.0,1774.0,1.0,3.0,5.0,40.0
vira-lata.org,67.0,741.0,7.0,11.0,13.0,50.0
social.inex.rocks,67.0,73904.0,0.0,0.0,1.0,1.0
systerserver.town,67.0,6919.0,0.0,0.0,0.0,3.0
aachen.social,66.0,3042.0,1.0,2.0,2.0,5.0
fla.red,65.0,104015.0,0.0,0.0,0.0,0.0
msdyn365bc.social,65.0,161.0,0.0,1.0,1.0,18.0
toot.lgbt,65.0,1035.0,7.0,8.0,12.0,21.0
allpro.social,64.0,66676.0,0.0,0.0,0.0,0.0
urusai.social,64.0,1552.0,10.0,12.0,13.0,35.0
balkan.fedive.rs,64.0,778.0,10.0,18.0,19.0,22.0
mstdn.hokkaido.jp,64.0,17482.0,0.0,0.0,1.0,5.0
biscuit.town,63.0,182588.0,0.0,0.0,0.0,3.0
social.goonj.xyz,62.0,623.0,0.0,0.0,0.0,1.0
scramble.city,62.0,691.0,0.0,0.0,0.0,0.0
mas.town,61.0,1586.0,3.0,4.0,6.0,46.0
maratang.life,61.0,471.0,0.0,2.0,4.0,58.0
comm.cx,60.0,13429.0,0.0,0.0,0.0,0.0
savageworlds.social,60.0,523.0,1.0,1.0,1.0,4.0
mstdn.misosi.ru,60.0,13840.0,0.0,0.0,0.0,0.0
macrofurs.social,60.0,859.0,1.0,2.0,4.0,25.0
v2br.social,60.0,622.0,1.0,1.0,2.0,28.0
tweetrex.co.uk,59.0,817.0,0.0,0.0,0.0,3.0
superpets.social,59.0,559.0,5.0,7.0,8.0,39.0
schleuss.online,58.0,332578.0,0.0,0.0,0.0,44.0
journodon.com,58.0,168.0,0.0,4.0,5.0,56.0
netzkms.de,58.0,927.0,3.0,4.0,4.0,11.0
bibly.com,57.0,566.0,1.0,1.0,2.0,4.0
law.builders,57.0,2241.0,2.0,3.0,3.0,
mastodon.nogods.be,57.0,345.0,0.0,0.0,0.0,0.0
geno.social,56.0,4583.0,0.0,0.0,0.0,0.0
chaosphere.hostdon.jp,56.0,1453535.0,0.0,0.0,0.0,0.0
c2bdon.net,56.0,2439.0,0.0,0.0,0.0,0.0
social.tulsa.ok.us,56.0,23538.0,0.0,0.0,0.0,1.0
cheeseburger.social,55.0,1898.0,2.0,2.0,3.0,9.0
taruntarun.net,55.0,220765.0,0.0,0.0,0.0,1.0
religion.masto.host,55.0,1930.0,1.0,1.0,2.0,
lgbtqia.space,55.0,1540.0,5.0,5.0,7.0,18.0
mastogram.com,54.0,2140.0,2.0,3.0,8.0,20.0
nitech.online,54.0,642.0,1.0,2.0,2.0,7.0
bahn.social,54.0,1199.0,2.0,4.0,4.0,10.0
lediver.se,53.0,5795.0,1.0,1.0,1.0,1.0
techspace.social,52.0,189.0,0.0,1.0,1.0,6.0
mstdn.xn--h1ahnbk7d.xn--p1ai,52.0,1265.0,1.0,1.0,1.0,2.0
mastodon.macsnet.cz,52.0,27353.0,0.0,0.0,0.0,0.0
mast.hpc.social,52.0,145.0,13.0,23.0,,
capitalism.party,52.0,1554.0,0.0,0.0,0.0,0.0
tmp-mstdn.cloud,52.0,9550.0,0.0,0.0,0.0,0.0
gladtech.social,51.0,1053.0,1.0,1.0,1.0,9.0
social.hoga.fr,51.0,3839.0,0.0,0.0,0.0,0.0
yorkshire.social,51.0,760.0,1.0,3.0,6.0,24.0
recordplug.club,51.0,298.0,1.0,1.0,1.0,4.0
viajes.social,51.0,80.0,1.0,1.0,,
postpandemicparty.org,50.0,1580.0,2.0,2.0,5.0,17.0
flipping.rocks,50.0,1164.0,1.0,2.0,5.0,13.0
rednblack.net,50.0,180.0,1.0,1.0,2.0,
verkehrswende.social,50.0,295.0,0.0,5.0,5.0,21.0
mstdn.yakitamago.info,50.0,495826.0,0.0,0.0,0.0,0.0
eattherich.club,50.0,7864.0,1.0,1.0,2.0,6.0
mastodon.opportunis.me,50.0,243446.0,0.0,0.0,0.0,0.0
retro.social,49.0,178786.0,1.0,1.0,2.0,3.0
social.snopyta.org,49.0,16013.0,0.0,0.0,0.0,0.0
social.sp-codes.de,49.0,9488.0,0.0,1.0,1.0,2.0
lipn.info,49.0,850.0,1.0,1.0,1.0,6.0
rail.chat,48.0,557.0,1.0,1.0,2.0,3.0
hulvr.com,48.0,36515.0,0.0,0.0,0.0,0.0
mastodon.no2nd.earth,48.0,4159.0,0.0,2.0,2.0,5.0
society.oftrolls.com,48.0,29544.0,0.0,0.0,0.0,0.0
krefeld.life,47.0,22353.0,0.0,1.0,1.0,2.0
bdx.town,47.0,10334.0,0.0,0.0,0.0,0.0
creators.social,47.0,90.0,-153.0,-119.0,-75.0,
devschile.social,47.0,399.0,0.0,0.0,0.0,
blorbo.social,47.0,1531.0,0.0,3.0,8.0,39.0
tty.social,47.0,770.0,0.0,-1.0,-1.0,10.0
trackmania.social,46.0,152.0,1.0,3.0,4.0,24.0
unperson.us,46.0,717.0,0.0,0.0,0.0,0.0
ailbhean.co-shaoghal.net,46.0,1493.0,0.0,0.0,1.0,9.0
ecosteader.com,46.0,8251.0,0.0,0.0,0.0,1.0
tukkers.online,46.0,887.0,0.0,0.0,0.0,2.0
frikiverse.zone,46.0,1609.0,0.0,1.0,4.0,32.0
pirsamti.com,46.0,143.0,3.0,3.0,7.0,37.0
redroo.ml,45.0,170495.0,0.0,0.0,0.0,0.0
someone.elses.computer,45.0,2889.0,1.0,1.0,1.0,7.0
fumi.39.gy,45.0,26527.0,0.0,0.0,0.0,0.0
metalverse.social,45.0,297.0,1.0,2.0,4.0,
alpaka.social,45.0,1212.0,0.0,0.0,0.0,0.0
mycrowd.ca,45.0,70413.0,0.0,0.0,0.0,0.0
social.ferrocarril.net,44.0,920.0,1.0,1.0,1.0,15.0
pixelfed.automat.click,44.0,1792.0,0.0,1.0,2.0,4.0
techie.community,44.0,259.0,1.0,1.0,3.0,8.0
tomitodon.huideyeren.info,44.0,551.0,0.0,0.0,0.0,0.0
tiggi.es,44.0,2611.0,0.0,0.0,1.0,4.0
schach.social,44.0,835.0,0.0,0.0,0.0,1.0
prf.me,44.0,321.0,0.0,0.0,1.0,1.0
mstdn.plusminus.io,44.0,308229.0,0.0,0.0,0.0,0.0
based.social,43.0,315.0,0.0,0.0,0.0,3.0
social.anthro.cc,43.0,3599.0,0.0,0.0,0.0,0.0
toot.whatever.cz,43.0,719.0,0.0,0.0,0.0,0.0
mstdn.homes,43.0,3666.0,0.0,0.0,0.0,1.0
furries.club,43.0,124.0,1.0,1.0,7.0,28.0
mastodon.libresilicon.com,43.0,33958.0,0.0,0.0,0.0,0.0
assortedflotsam.com,42.0,268393.0,0.0,1.0,1.0,0.0
mastodon.libre-entreprise.com,42.0,9965.0,0.0,0.0,0.0,0.0
godforsaken.website,42.0,417952.0,0.0,0.0,0.0,0.0
social.globalpirates.net,41.0,1953.0,0.0,0.0,1.0,2.0
atmoschem.org,41.0,146.0,1.0,4.0,11.0,37.0
dragonchat.org,41.0,737.0,0.0,0.0,0.0,17.0
mstdn.b-shock.org,41.0,104043.0,0.0,0.0,0.0,0.0
rheinland.social,40.0,89.0,2.0,3.0,3.0,4.0
toot.gnous.eu,40.0,4426.0,0.0,0.0,0.0,1.0
social.mochi.academy,40.0,457909.0,0.0,0.0,0.0,0.0
suma-ev.social,40.0,2611.0,0.0,0.0,0.0,0.0
fluffy.family,40.0,1698.0,0.0,3.0,7.0,14.0
claris.cf,39.0,8787.0,0.0,0.0,0.0,0.0
bunt.social,39.0,6607.0,1.0,1.0,1.0,1.0
clazy.org,39.0,43.0,0.0,0.0,0.0,0.0
this.mouse.rocks,39.0,153742.0,2.0,2.0,3.0,3.0
glauca.space,38.0,3336.0,0.0,0.0,0.0,0.0
yugioh.social,38.0,176.0,0.0,1.0,1.0,31.0
ps.s10y.eu,38.0,7098.0,0.0,0.0,0.0,0.0
russiaukraine.world,38.0,231.0,1.0,2.0,5.0,11.0
tragi.cc,38.0,1822.0,0.0,0.0,0.0,
retrotroet.com,38.0,1288.0,0.0,1.0,1.0,5.0
mstdn.jaws-ug.okinawa,38.0,2381.0,0.0,0.0,0.0,0.0
tuiter.es,38.0,264.0,0.0,2.0,4.0,29.0
don.mamemo.online,37.0,285148.0,0.0,0.0,0.0,0.0
blovice.bahnhof.cz,37.0,59301.0,0.0,0.0,0.0,1.0
coop.lol,37.0,1865.0,0.0,0.0,0.0,14.0
meow.lgbt,37.0,409.0,2.0,2.0,3.0,12.0
sakurajima.moe,37.0,559.0,1.0,1.0,2.0,8.0
gnulinux.social,37.0,805.0,0.0,1.0,2.0,4.0
cuties.social,37.0,102699.0,0.0,0.0,0.0,1.0
barcamp.social,37.0,7621.0,0.0,0.0,0.0,2.0
toot.garden,37.0,747.0,3.0,3.0,4.0,17.0
mastodon.pub.solar,37.0,568.0,1.0,1.0,1.0,2.0
geeknews.chat,36.0,11015.0,0.0,0.0,0.0,2.0
makerdon.org,36.0,3355.0,0.0,0.0,0.0,0.0
antabaka.me,36.0,7125.0,0.0,0.0,0.0,0.0
a11y.social,36.0,77.0,0.0,0.0,1.0,8.0
scientificnetwork.de,36.0,96.0,2.0,2.0,2.0,13.0
takumi.fun,35.0,17170.0,0.0,0.0,0.0,0.0
raccoon.place,35.0,3180.0,1.0,1.0,1.0,3.0
el5.net,35.0,3638.0,0.0,0.0,0.0,0.0
espod.social,35.0,211.0,2.0,2.0,5.0,7.0
thong.xonumi.com,35.0,2358.0,0.0,0.0,0.0,0.0
tum.social,35.0,570.0,0.0,0.0,0.0,4.0
social.chaosmagick.com,35.0,1886.0,1.0,2.0,2.0,3.0
mdn.hinaloe.net,35.0,17902.0,0.0,0.0,0.0,0.0
coolmathgam.es,35.0,24919.0,0.0,0.0,0.0,1.0
body.social,35.0,1031.0,,,,
skrt.social,35.0,11218.0,0.0,0.0,0.0,0.0
jitakurack.chotto.moe,34.0,1467.0,0.0,0.0,0.0,0.0
know.me.uk,34.0,1161.0,0.0,1.0,2.0,17.0
river.group.lt,33.0,722.0,0.0,0.0,0.0,6.0
social.anon-groups.de,33.0,15015.0,0.0,0.0,0.0,0.0
techforgood.social,33.0,493.0,0.0,0.0,1.0,9.0
nfld.me,33.0,464.0,2.0,2.0,5.0,11.0
cville.online,33.0,126.0,0.0,0.0,0.0,0.0
cigarcabin.com,33.0,2435.0,0.0,0.0,0.0,0.0
coales.co,32.0,14010.0,0.0,0.0,0.0,0.0
therock.social,32.0,560.0,0.0,0.0,0.0,29.0
drk.network,32.0,326.0,1.0,1.0,1.0,4.0
epistolary.org,32.0,1472.0,0.0,0.0,0.0,4.0
bunglers.it,32.0,386.0,0.0,0.0,0.0,0.0
dis-le.de,32.0,38128.0,0.0,0.0,0.0,0.0
mastodon.ethibox.fr,32.0,661.0,0.0,0.0,0.0,0.0
social.fbxl.net,31.0,7400.0,0.0,0.0,0.0,-5.0
social.logilab.org,31.0,6046.0,0.0,0.0,0.0,0.0
real-escape.jp,31.0,9392.0,0.0,0.0,0.0,0.0
blobfox.coffee,30.0,2491.0,0.0,0.0,1.0,6.0
tekkadon.manimani.cc,30.0,36172.0,0.0,0.0,0.0,0.0
social.afront.org,30.0,3844.0,0.0,0.0,2.0,
amicale.net,30.0,31929.0,0.0,0.0,0.0,0.0
mastodon.gamedevalliance.fr,30.0,546.0,0.0,0.0,0.0,2.0
don.linxx.net,30.0,543.0,0.0,0.0,0.0,3.0
mstdn.s7t.de,30.0,346.0,0.0,0.0,0.0,0.0
4estate.media,30.0,812.0,0.0,0.0,0.0,0.0
mstdn.ikebuku.ro,29.0,22868.0,0.0,0.0,0.0,1.0
ifwo.eu,29.0,12571.0,1.0,1.0,1.0,1.0
girldick.gay,29.0,2514.0,,,,
lviv.social,29.0,1204.0,0.0,3.0,4.0,14.0
iscute.moe,29.0,140756.0,0.0,0.0,0.0,0.0
dashuo.org,28.0,79.0,-1.0,-1.0,-1.0,-1.0
social.simcu.com,28.0,7921.0,0.0,0.0,0.0,0.0
meowr.me,28.0,714.0,0.0,,,
fairground.moe,28.0,4691.0,0.0,0.0,0.0,0.0
floofy.tech,27.0,328.0,1.0,1.0,4.0,14.0
mast.ohbutt.com,27.0,55.0,4.0,6.0,11.0,
lustigetiernamenbubble.de,27.0,4284.0,1.0,1.0,2.0,7.0
crypt.lol,27.0,1428.0,0.0,1.0,1.0,3.0
social.thisisjoes.site,27.0,1404.0,0.0,0.0,0.0,2.0
mstdn.anqou.net,27.0,102991.0,0.0,0.0,0.0,0.0
expressional.social,27.0,277.0,5.0,10.0,15.0,
skinnyver.se,26.0,10215.0,0.0,0.0,0.0,0.0
pantdon.site,26.0,2986.0,0.0,0.0,0.0,0.0
bikeshed.party,26.0,2198.0,0.0,0.0,0.0,0.0
mastodon.hydrosaas.com,26.0,1103.0,0.0,0.0,0.0,1.0
meganekeesu.tokyo,26.0,163875.0,0.0,0.0,0.0,0.0
social.data.coop,26.0,3897.0,0.0,0.0,0.0,1.0
shorage.de,25.0,1164.0,1.0,1.0,2.0,2.0
mastodon.multimob.be,25.0,4067.0,0.0,0.0,0.0,0.0
startrekshitposting.com,25.0,142.0,1.0,1.0,1.0,
nitecrew.rip,25.0,55152.0,0.0,0.0,1.0,1.0
schaumburg.social,25.0,2479.0,0.0,0.0,0.0,1.0
mastodon.acc.umu.se,25.0,11394.0,0.0,0.0,0.0,0.0
lire.im,25.0,206.0,0.0,0.0,0.0,2.0
babyfurs.social,25.0,41.0,4.0,5.0,6.0,
frameperfect.space,25.0,71.0,0.0,1.0,1.0,9.0
mstd.dansmonorage.blue,25.0,7798.0,0.0,0.0,0.0,0.0
oisaur.com,25.0,497.0,0.0,0.0,0.0,3.0
pouet.it,25.0,71723.0,0.0,1.0,2.0,2.0
mctetsudou.net,24.0,451.0,0.0,0.0,0.0,0.0
bidule.menf.in,24.0,18605.0,0.0,0.0,0.0,0.0
lisboa.social,24.0,277.0,0.0,1.0,1.0,5.0
lsngl.us,24.0,3295.0,0.0,0.0,0.0,0.0
masto.nyc,24.0,44.0,2.0,2.0,4.0,13.0
mstdn.haun.jp,24.0,9672.0,0.0,0.0,0.0,0.0
masto.rocks,24.0,54967.0,-1.0,-8.0,-11.0,-20.0
emprendedon.network,24.0,39.0,7.0,13.0,,
squawk.avian.space,24.0,234.0,1.0,1.0,2.0,6.0
masto.don.im,24.0,92.0,0.0,0.0,0.0,1.0
blueplanet.social,23.0,643.0,0.0,0.0,0.0,5.0
mstdn.ro,23.0,168.0,1.0,1.0,2.0,9.0
denizens.social,23.0,138.0,0.0,0.0,0.0,3.0
attractive.space,23.0,456.0,0.0,0.0,0.0,4.0
dcerberus.com,23.0,411.0,0.0,0.0,0.0,2.0
mastodon.z27.ch,23.0,5601.0,0.0,0.0,0.0,0.0
clacks.link,23.0,7036.0,0.0,0.0,1.0,6.0
nayukana.info,23.0,26274.0,0.0,0.0,0.0,0.0
internetstuff.xyz,23.0,3787.0,0.0,0.0,0.0,0.0
sansschatten.com,23.0,1044.0,0.0,0.0,0.0,0.0
lgbtcz.social,23.0,56.0,0.0,0.0,0.0,
mastodon.podaboutli.st,23.0,44.0,1.0,2.0,7.0,
weremember.social,23.0,165.0,2.0,2.0,2.0,
waskuisland.com,22.0,16.0,4.0,4.0,4.0,10.0
medic.cafe,22.0,870.0,0.0,0.0,0.0,3.0
jbo.social,22.0,92.0,0.0,0.0,1.0,3.0
mastonederland.nl,22.0,2091.0,0.0,0.0,0.0,8.0
discourse.social,22.0,387.0,2.0,2.0,4.0,13.0
social.tcit.fr,22.0,13498.0,0.0,0.0,0.0,0.0
lejaua6.club,22.0,10280.0,0.0,0.0,0.0,0.0
grandma.space,21.0,460.0,0.0,0.0,0.0,0.0
mstdn.otyakai.xyz,21.0,972.0,0.0,0.0,0.0,0.0
jako.social,21.0,1793.0,0.0,-3.0,-3.0,-2.0
crimew.gay,21.0,25593.0,1.0,1.0,1.0,
plankton.cz,21.0,51.0,0.0,0.0,0.0,0.0
mcr.wtf,21.0,119.0,0.0,3.0,3.0,8.0
cryptotooter.com,21.0,1152.0,0.0,,,
sakamichi.fun,21.0,33.0,0.0,0.0,0.0,15.0
mastodon.boston,21.0,614.0,0.0,3.0,3.0,9.0
nürnberg.social,21.0,21.0,3.0,5.0,5.0,10.0
rheinhessen.social,21.0,99.0,1.0,1.0,1.0,3.0
kangaroo.to,21.0,206.0,2.0,2.0,2.0,8.0
linuxjobs.social,20.0,7755.0,0.0,0.0,0.0,0.0
setl.ist,20.0,2915.0,0.0,0.0,0.0,0.0
social.dog-s.global,20.0,294.0,0.0,0.0,1.0,2.0
dotgr.id,20.0,386.0,0.0,0.0,0.0,1.0
libertarians.social,20.0,26.0,1.0,1.0,1.0,3.0
mastodon.ladn.org,20.0,318.0,0.0,0.0,0.0,0.0
mastodon.habets.dev,20.0,283.0,0.0,0.0,0.0,0.0
pfalz.social,20.0,1021.0,0.0,0.0,10.0,11.0
mas.atmx.ca,20.0,495.0,0.0,0.0,0.0,0.0
lgbtqplus.social,20.0,445.0,1.0,1.0,3.0,7.0
greennuclear.online,20.0,216.0,0.0,0.0,0.0,4.0
cantos.social,19.0,5022.0,0.0,0.0,0.0,0.0
absolutelyhar.am,19.0,792.0,0.0,0.0,1.0,1.0
thegem.city,19.0,1686.0,0.0,0.0,0.0,2.0
weburbanists.com,19.0,441.0,0.0,0.0,0.0,
offworld.fedisonic.cloud,19.0,563.0,0.0,1.0,1.0,2.0
mastodon.crazynewworld.net,19.0,245484.0,0.0,0.0,0.0,0.0
malu.today,19.0,73860.0,0.0,0.0,0.0,0.0
welldn.net,19.0,75643.0,0.0,0.0,0.0,0.0
social.hardlimit.com,19.0,579.0,0.0,1.0,1.0,2.0
mediastodon.com,19.0,1091.0,0.0,0.0,15.0,
wandel.social,19.0,589.0,0.0,0.0,0.0,0.0
clocktower.social,19.0,98.0,0.0,0.0,,
focal.social,19.0,407.0,0.0,0.0,1.0,3.0
straylight.expectnomore.net,18.0,4916.0,0.0,0.0,0.0,1.0
social.undrground.org,18.0,806.0,0.0,0.0,0.0,1.0
freifunk.social,18.0,343.0,1.0,1.0,1.0,4.0
meinungsschubla.de,18.0,1070.0,0.0,0.0,0.0,0.0
ooe.social,18.0,495.0,1.0,2.0,3.0,10.0
dariox.club,18.0,423.0,0.0,0.0,0.0,3.0
unstraight.club,18.0,1480.0,0.0,0.0,0.0,4.0
squeak.social,18.0,103.0,0.0,1.0,1.0,6.0
v2.nyoki.club,18.0,182803.0,0.0,0.0,0.0,0.0
social.jesuislibre.net,17.0,53044.0,0.0,0.0,0.0,0.0
poweredbygay.social,17.0,374.0,2.0,3.0,3.0,11.0
mtgtalk.online,17.0,74.0,2.0,2.0,4.0,
psyopvict.im,17.0,114.0,0.0,0.0,0.0,0.0
theantisocials.co.uk,17.0,4.0,1.0,1.0,1.0,
bookstodon.com,17.0,59.0,2.0,4.0,10.0,
felesitas.cloud,17.0,459990.0,0.0,0.0,0.0,0.0
mrnet.pt,17.0,888.0,0.0,0.0,0.0,
mastodon.gardensoul.org,17.0,238.0,0.0,0.0,1.0,10.0
raggedfeathers.com,17.0,19391.0,0.0,0.0,0.0,1.0
social.illegalpornography.com,17.0,371643.0,0.0,0.0,0.0,0.0
social.mootech.eu,17.0,131457.0,0.0,0.0,0.0,0.0
social.satan-speaks.com,17.0,2219.0,0.0,0.0,0.0,1.0
mieke.club,16.0,1434.0,0.0,0.0,0.0,0.0
thebene.fit,16.0,328.0,1.0,2.0,5.0,8.0
theradio.au,16.0,502.0,1.0,2.0,4.0,
meow.cloud,16.0,320.0,0.0,0.0,,
www.mastoworld.com,16.0,85.0,-1.0,-1.0,-1.0,-2.0
mastodon.transneptune.net,16.0,4151.0,0.0,0.0,0.0,0.0
cr8r.gg,16.0,191.0,1.0,1.0,2.0,6.0
mellified.men,16.0,66198.0,0.0,0.0,1.0,1.0
queer.hacktivis.me,16.0,115236.0,0.0,0.0,0.0,0.0
social.daspr.io,16.0,396.0,0.0,0.0,0.0,0.0
toot.dummy.cafe,16.0,891.0,0.0,0.0,0.0,0.0
chablis.social,16.0,122.0,0.0,0.0,0.0,0.0
trans.house,16.0,198.0,0.0,0.0,0.0,3.0
mastodon.ctseuro.com,16.0,9528.0,0.0,0.0,0.0,0.0
ndtogether.com,16.0,12.0,1.0,1.0,1.0,8.0
politics.rip,16.0,946.0,0.0,0.0,1.0,2.0
tooting.social,16.0,20.0,0.0,0.0,1.0,10.0
mastodonbooks.net,16.0,51.0,0.0,0.0,0.0,
sosyal.cezeri.tech,15.0,1295.0,0.0,0.0,0.0,0.0
mstdn.myifn.de,15.0,1581.0,0.0,0.0,0.0,0.0
emeraldsocial.org,15.0,707.0,0.0,0.0,0.0,0.0
social.spaceint.fr,15.0,265.0,0.0,0.0,1.0,2.0
mstdn.wildtree.jp,15.0,8061.0,0.0,0.0,0.0,0.0
discuss.smash.today,15.0,83.0,0.0,0.0,0.0,5.0
social.gl-como.it,15.0,7556.0,0.0,0.0,0.0,0.0
md.xps2.net,15.0,376770.0,0.0,0.0,0.0,0.0
frontrange.co,15.0,632.0,2.0,2.0,4.0,
youthweb.social,15.0,975.0,0.0,0.0,0.0,-1.0
deppenkessel.de,15.0,1087.0,0.0,0.0,0.0,0.0
mastodon.migennes.net,15.0,2865.0,0.0,0.0,0.0,0.0
mastodon.noizycat.com,15.0,4967.0,0.0,0.0,0.0,0.0
sackheads.social,15.0,739.0,0.0,0.0,0.0,0.0
melb.social,15.0,1841.0,0.0,0.0,0.0,0.0
wig.gl,15.0,69.0,1.0,6.0,9.0,
social.artemai.art,15.0,1931.0,0.0,0.0,0.0,0.0
tutut.delire.party,15.0,9192.0,0.0,0.0,0.0,0.0
shitcoin.land,15.0,7912.0,0.0,0.0,2.0,2.0
piggo.space,15.0,67801.0,0.0,0.0,0.0,1.0
mastodon.1984.cz,15.0,2819.0,0.0,0.0,0.0,0.0
twitre.de,15.0,88.0,1.0,0.0,1.0,5.0
technodon.social,15.0,387.0,0.0,0.0,0.0,3.0
troll.cafe,15.0,472.0,0.0,0.0,1.0,2.0
mastodon.baconpotato.net,14.0,4453.0,0.0,0.0,0.0,0.0
borken.social,14.0,3366.0,1.0,2.0,2.0,2.0
merlion.social,14.0,82.0,0.0,0.0,0.0,0.0
mstdn.rinsuki.net,14.0,43409.0,0.0,0.0,0.0,0.0
neovibe.app,14.0,245.0,0.0,0.0,1.0,8.0
edolas.world,14.0,13416.0,0.0,0.0,0.0,0.0
scalie.club,14.0,25692.0,0.0,0.0,0.0,0.0
mstdn.conoha.quine.codes,14.0,17542.0,0.0,0.0,0.0,0.0
scl.clttr.info,14.0,709.0,0.0,0.0,1.0,2.0
benehomini.social,14.0,181.0,0.0,0.0,0.0,5.0
osrs.club,14.0,82.0,0.0,1.0,1.0,9.0
mastodon.bloonface.com,14.0,3431.0,0.0,0.0,0.0,0.0
toot.pizza,14.0,551.0,0.0,0.0,1.0,7.0
inaccessible.ac,14.0,244.0,0.0,1.0,1.0,2.0
unstable.systems,14.0,1655.0,0.0,0.0,0.0,2.0
electroverse.tech,14.0,188.0,1.0,4.0,5.0,9.0
mond-basis.eu,14.0,45876.0,0.0,0.0,0.0,0.0
free.burningpixel.net,14.0,816.0,0.0,0.0,0.0,1.0
mastodon.saarland,14.0,14.0,0.0,3.0,3.0,8.0
glitterkitten.co.uk,14.0,35203.0,0.0,0.0,0.0,0.0
larkspur.one,14.0,231.0,0.0,0.0,0.0,1.0
bardown.space,14.0,453.0,0.0,0.0,2.0,4.0
pravdasocial.net,14.0,251.0,0.0,0.0,0.0,0.0
shadowsocial.org,14.0,126.0,0.0,0.0,0.0,0.0
seacow.social,14.0,6837.0,0.0,0.0,0.0,0.0
social.smnz.de,13.0,81.0,0.0,0.0,0.0,0.0
social.espeweb.net,13.0,77420.0,0.0,0.0,0.0,
lesbianschool.com,13.0,115760.0,0.0,0.0,0.0,0.0
dynlinux.io,13.0,1272.0,0.0,0.0,0.0,0.0
social.xcess.one,13.0,617.0,0.0,0.0,0.0,-2.0
karlsruhe-social.de,13.0,31.0,0.0,2.0,2.0,7.0
im.irithys.com,13.0,1053.0,0.0,0.0,1.0,1.0
zesummen.online,13.0,28.0,0.0,0.0,1.0,5.0
jpop.space,13.0,106.0,0.0,0.0,1.0,
mastodon.fsinf.at,13.0,33.0,0.0,0.0,0.0,3.0
itdev.social,13.0,33.0,1.0,1.0,1.0,7.0
theway.social,13.0,175.0,1.0,1.0,1.0,6.0
flanintheface.com,13.0,4108.0,0.0,0.0,0.0,0.0
libori.social,13.0,825.0,0.0,0.0,0.0,0.0
ischool.social,13.0,671.0,0.0,0.0,0.0,0.0
moien.net,13.0,28.0,0.0,0.0,1.0,5.0
social.grimneko.de,13.0,7911.0,0.0,0.0,0.0,0.0
mastodonapp.boston,13.0,851.0,0.0,0.0,0.0,3.0
social.drastical.tech,13.0,16846.0,0.0,0.0,0.0,1.0
snooker.uk.to,13.0,292.0,1.0,2.0,3.0,
astronomy.social,12.0,753.0,0.0,0.0,1.0,4.0
wobscale.social,12.0,756.0,0.0,0.0,0.0,0.0
vtube.community,12.0,110.0,0.0,1.0,1.0,3.0
apotheke.social,12.0,1085.0,0.0,0.0,0.0,2.0
mamut.tic-ac.org,12.0,277.0,0.0,0.0,0.0,0.0
mastodon.acerbo.me,12.0,13633.0,0.0,0.0,0.0,0.0
mastodon.blackblock.rocks,12.0,393.0,0.0,0.0,0.0,1.0
sbg-social.at,12.0,112.0,0.0,0.0,0.0,3.0
techeasy.org,12.0,312.0,0.0,0.0,0.0,0.0
5280.city,12.0,210.0,0.0,0.0,0.0,
firekitten.social,12.0,169.0,1.0,1.0,1.0,6.0
mastodon.llarian.net,12.0,167.0,2.0,2.0,4.0,5.0
tux.social,12.0,63.0,1.0,1.0,1.0,2.0
vereine.social,12.0,111.0,0.0,0.0,0.0,1.0
projectmushroom.social,12.0,6.0,0.0,0.0,0.0,0.0
nzserver.co,12.0,148.0,1.0,1.0,4.0,9.0
social.e-editiones.org,12.0,8.0,0.0,0.0,0.0,1.0
nixorigin.one,12.0,211.0,0.0,0.0,2.0,11.0
lp.f5.si,12.0,133.0,0.0,0.0,0.0,0.0
furryfandom.me,12.0,59.0,0.0,1.0,-1.0,4.0
social.gamingecke.space,12.0,142.0,0.0,0.0,0.0,0.0
sauna.social,12.0,81.0,0.0,0.0,0.0,1.0
social.validpostage.com,12.0,202.0,0.0,0.0,1.0,2.0
mlhangout.social,12.0,6.0,0.0,0.0,0.0,
tchafia.be,12.0,108.0,0.0,0.0,0.0,7.0
ma.fono.jp,12.0,35967.0,0.0,0.0,0.0,0.0
csed.social,12.0,25.0,1.0,,,
hexagons.social,12.0,69.0,0.0,0.0,0.0,2.0
social.typica.us,12.0,7160.0,0.0,0.0,0.0,0.0
mstdn.one,12.0,1399.0,0.0,0.0,0.0,0.0
weedyverse.de,12.0,592.0,0.0,0.0,0.0,0.0
politidon.com,12.0,3.0,2.0,2.0,3.0,10.0
patavium.social,11.0,19.0,1.0,4.0,,
ecocentraal.social,11.0,13.0,0.0,0.0,0.0,1.0
social.helpmedog.com,11.0,286.0,0.0,0.0,0.0,0.0
social.computerfox.xyz,11.0,110909.0,0.0,0.0,0.0,0.0
soziale.cloud,11.0,1138.0,0.0,0.0,0.0,3.0
maoh.company,11.0,2220.0,0.0,0.0,0.0,0.0
base.lc,11.0,191.0,0.0,0.0,2.0,3.0
cryptodon.chat,11.0,542.0,1.0,1.0,2.0,5.0
mastodon.express,11.0,349.0,0.0,0.0,1.0,2.0
mastodon.kleph.eu,11.0,452.0,0.0,0.0,0.0,0.0
mastodon-dus.de,11.0,150.0,2.0,3.0,3.0,4.0
fellies.social,11.0,2422.0,0.0,0.0,0.0,0.0
mastodo.ru,11.0,142.0,0.0,0.0,0.0,2.0
flightclub.social,11.0,28.0,0.0,0.0,1.0,1.0
glitch.lgbt,11.0,558.0,0.0,0.0,0.0,
social.fossdle.org,11.0,249.0,0.0,0.0,0.0,
autonomy.ninja,11.0,619.0,0.0,1.0,1.0,
social.henzi.org,11.0,1227.0,0.0,0.0,0.0,0.0
mastadon.astuto.cc,11.0,11.0,0.0,0.0,0.0,1.0
adtech.land,10.0,23.0,0.0,1.0,1.0,1.0
mastodon.dev-null.rocks,10.0,73.0,0.0,0.0,0.0,1.0
arkham.cafe,10.0,87107.0,0.0,0.0,0.0,0.0
breeze.town,10.0,26.0,0.0,0.0,0.0,0.0
gazouiller.fr,10.0,41.0,0.0,0.0,0.0,0.0
mastodon.chasalin.nl,10.0,3494.0,0.0,0.0,0.0,0.0
wehavecookies.social,10.0,548.0,1.0,2.0,2.0,3.0
arktos.social,10.0,2134.0,0.0,0.0,0.0,0.0
social.finsec.systems,10.0,0.0,0.0,0.0,0.0,0.0
comfy.to,10.0,2.0,0.0,0.0,0.0,2.0
m.azisserver.me,10.0,56.0,0.0,0.0,0.0,2.0
mastodon.thedecentralists.com,10.0,80.0,0.0,0.0,0.0,0.0
social.bobcall.me,10.0,4675.0,0.0,0.0,0.0,0.0
federa.social,10.0,190.0,0.0,2.0,2.0,4.0
xn--pnibles-bya.xn--transposes-i7a.eu,10.0,18540.0,0.0,0.0,0.0,0.0
mastodon.ajax.gg,10.0,63.0,0.0,0.0,0.0,2.0
jubi.life,10.0,33009.0,0.0,0.0,0.0,0.0
uksocial.cloud,10.0,37.0,1.0,1.0,1.0,5.0
franken.social,10.0,70.0,0.0,0.0,2.0,7.0
ruhrpott.social,10.0,29.0,0.0,2.0,4.0,9.0
kalmar.social,10.0,82.0,0.0,0.0,,
orz.uno,10.0,2696.0,0.0,0.0,0.0,0.0
md.korako.me,10.0,12453.0,0.0,0.0,0.0,2.0
m.nintendojo.fr,10.0,15497.0,0.0,0.0,0.0,0.0
were.party,9.0,40.0,1.0,1.0,2.0,4.0
libertynode.net,9.0,5345.0,0.0,0.0,0.0,0.0
m.loovto.net,9.0,2403.0,0.0,0.0,0.0,0.0
docker.masto.pt,9.0,59.0,0.0,0.0,0.0,0.0
treehouse.technopagans.de,9.0,1716.0,0.0,0.0,0.0,0.0
masto.therealblue.de,9.0,897.0,0.0,0.0,0.0,0.0
typrout.ml,9.0,11226.0,0.0,0.0,0.0,0.0
pfadi.social,9.0,59.0,0.0,0.0,0.0,0.0
beepboop.one,9.0,48018.0,0.0,0.0,0.0,0.0
mastodon.aventer.biz,9.0,9764.0,0.0,0.0,0.0,0.0
foodin.ga,9.0,72.0,0.0,1.0,1.0,3.0
mstdn.hiyuki2578.net,9.0,60594.0,0.0,0.0,0.0,0.0
eponaauthor.social,9.0,63.0,0.0,0.0,0.0,6.0
the.goofs.space,9.0,1203.0,0.0,0.0,0.0,1.0
pleroma.doingyourmom.club,9.0,191.0,0.0,0.0,0.0,0.0
gesichtsbu.ch,9.0,241.0,0.0,0.0,0.0,0.0
waterford.international,9.0,56.0,0.0,1.0,1.0,
cyberpunk.earth,9.0,87.0,0.0,0.0,0.0,3.0
mastodonsocial.au,9.0,6.0,0.0,0.0,0.0,0.0
birb.site,9.0,36830.0,0.0,0.0,0.0,0.0
yysk.icu,9.0,231137.0,0.0,0.0,0.0,0.0
braydmedia.de,9.0,1258.0,0.0,0.0,0.0,0.0
redstateliberal.social,9.0,60.0,0.0,3.0,6.0,5.0
hacks.fi,9.0,1.0,0.0,0.0,0.0,
maple.social,9.0,13.0,0.0,0.0,0.0,2.0
masto.do,9.0,6.0,0.0,0.0,1.0,7.0
md.ggtea.org,9.0,15875.0,0.0,0.0,0.0,0.0
mastodon.mog.gg,9.0,57.0,0.0,0.0,0.0,
mastodon.electric-goat.net,9.0,182.0,0.0,0.0,0.0,0.0
fuerstentum.social,8.0,25.0,0.0,1.0,1.0,2.0
levant.social,8.0,37.0,0.0,0.0,0.0,
pachyder.me,8.0,8244.0,0.0,0.0,0.0,0.0
z80.tech,8.0,18.0,1.0,1.0,2.0,2.0
squid.cafe,8.0,2631.0,0.0,0.0,0.0,0.0
fox.masto.host,8.0,6.0,0.0,0.0,0.0,0.0
social.dorf-post.de,8.0,182.0,0.0,0.0,0.0,0.0
toot.team.jetzt,8.0,6914.0,0.0,0.0,0.0,0.0
mastodon.oi7.de,8.0,13462.0,0.0,0.0,0.0,0.0
returtle.com,8.0,7.0,1.0,1.0,1.0,3.0
praha.social,8.0,25.0,0.0,0.0,0.0,1.0
social.nah.re,8.0,35916.0,0.0,0.0,0.0,0.0
social.tilde.team,8.0,555.0,0.0,0.0,0.0,0.0
bergstrasse.social,8.0,375.0,0.0,0.0,0.0,0.0
social.nekover.se,8.0,1722.0,0.0,0.0,0.0,1.0
social.main-angler.de,8.0,236.0,0.0,0.0,0.0,1.0
ploen.social,8.0,245.0,0.0,0.0,0.0,0.0
retroverse.social,8.0,16.0,0.0,0.0,0.0,3.0
mst.social,8.0,11.0,0.0,1.0,1.0,2.0
djanzu.tokyo,8.0,28569.0,0.0,0.0,0.0,0.0
kayii.goe.land,8.0,3561.0,0.0,0.0,0.0,0.0
hamradio.tel,7.0,47.0,0.0,0.0,0.0,1.0
costodon.social,7.0,96.0,0.0,0.0,1.0,3.0
mikroblog.uni-bremen.de,7.0,11.0,0.0,0.0,0.0,0.0
fnya.ggtea.org,7.0,2150.0,0.0,0.0,0.0,0.0
mastodon.skye.vg,7.0,167.0,0.0,0.0,0.0,0.0
today4u.xyz,7.0,124.0,0.0,0.0,0.0,5.0
angrydome.au,7.0,599.0,0.0,0.0,0.0,1.0
sysad.ninja,7.0,284.0,0.0,0.0,0.0,3.0
fediverse.cz,7.0,29.0,0.0,0.0,0.0,-1.0
oak.li,7.0,93.0,0.0,0.0,0.0,0.0
mastodon.chaosfield.at,7.0,1993.0,0.0,0.0,0.0,0.0
mastodonbelgium.be,7.0,26.0,0.0,0.0,0.0,0.0
4000.re,7.0,212.0,0.0,0.0,0.0,2.0
mastodon.cywa.ch,7.0,49.0,0.0,0.0,0.0,0.0
whitespashe.uk,7.0,3785.0,0.0,0.0,0.0,0.0
freedomofspee.ch,7.0,340.0,0.0,0.0,0.0,
wrmstdn.ca,7.0,10.0,0.0,0.0,0.0,0.0
quixotic.info,7.0,79.0,0.0,0.0,0.0,0.0
shark.community,7.0,47.0,0.0,0.0,,
mastodonsocial.nl,7.0,16.0,0.0,0.0,0.0,0.0
nobert.zone,7.0,267.0,0.0,0.0,0.0,0.0
kamiyacho.net,7.0,2298.0,0.0,0.0,0.0,0.0
twixter.eu,7.0,164.0,0.0,0.0,1.0,1.0
dara.li,7.0,231.0,0.0,0.0,0.0,0.0
pandas.social,7.0,172.0,0.0,0.0,2.0,3.0
social.3rensei.xyz,7.0,422.0,0.0,0.0,0.0,0.0
brighton.social,7.0,49.0,0.0,1.0,1.0,3.0
idic.social,7.0,518.0,0.0,0.0,1.0,4.0
don.gomasy.jp,7.0,63429.0,0.0,0.0,0.0,0.0
social.veraciousnetwork.com,7.0,75.0,0.0,0.0,0.0,0.0
transmom.love,7.0,18123.0,0.0,0.0,0.0,0.0
my0.net,7.0,8719.0,0.0,0.0,0.0,0.0
dustbuster.club,7.0,49.0,0.0,1.0,2.0,
mastodon.mfbfreaks.nl,7.0,6.0,0.0,0.0,0.0,0.0
eagleear.social,7.0,92.0,0.0,0.0,0.0,1.0
plantsand.coffee,7.0,342.0,0.0,0.0,0.0,0.0
trunk.mad-scientist.club,7.0,66754.0,0.0,0.0,0.0,0.0
mastodon.devua.club,7.0,37.0,,,,
wptoots.social,7.0,103.0,0.0,0.0,,
social.pumpitbetter.com,7.0,462.0,0.0,0.0,1.0,2.0
maakr.social,7.0,46.0,2.0,2.0,2.0,3.0
mastodon.xy-space.de,7.0,100.0,0.0,0.0,0.0,0.0
sin.tyaku.com,7.0,6997.0,0.0,0.0,0.0,0.0
mastodon.kaonet-fr.net,7.0,883.0,0.0,0.0,0.0,0.0
kindred.at,7.0,245.0,0.0,0.0,0.0,0.0
mastodon.communick.com,7.0,390.0,1.0,1.0,1.0,1.0
coolhunters.org,7.0,22.0,0.0,0.0,2.0,
mastodon.grin.hu,6.0,1360.0,0.0,0.0,0.0,-2.0
digitaldata.social,6.0,6.0,0.0,0.0,0.0,1.0
vael.town,6.0,202.0,0.0,0.0,0.0,1.0
mastodon.parleur.net,6.0,24050.0,0.0,0.0,0.0,0.0
farsi.cloud,6.0,169.0,0.0,0.0,0.0,1.0
wp-punks.social,6.0,49.0,0.0,0.0,0.0,0.0
vogtland.social,6.0,24.0,0.0,0.0,0.0,
ziroh.be,6.0,19.0,0.0,0.0,0.0,0.0
social.tfwnogf.nl,6.0,361.0,0.0,0.0,0.0,0.0
mastodon.kigurumi.fans,6.0,110.0,0.0,0.0,0.0,0.0
talamanca.social,6.0,21.0,0.0,0.0,0.0,
puz.fun,6.0,4160.0,0.0,0.0,0.0,0.0
mastodon.radicalityincident.com,6.0,66.0,0.0,0.0,1.0,4.0
mfr.social,6.0,354.0,0.0,0.0,0.0,1.0
code-in-space.dev,6.0,29.0,0.0,0.0,0.0,0.0
mstdn.8sp.de,6.0,519.0,0.0,0.0,,
bvb.social,6.0,108.0,0.0,0.0,0.0,1.0
mastodon.kebree.fr,6.0,386.0,0.0,0.0,0.0,0.0
don.neso.tech,6.0,131353.0,0.0,0.0,0.0,0.0
otaku.whomartthou.com,6.0,116.0,0.0,0.0,0.0,0.0
vss365mast.org,6.0,41.0,0.0,1.0,1.0,
magicalgirl.party,6.0,12432.0,0.0,0.0,0.0,0.0
toot.fedilab.app,6.0,1854.0,0.0,1.0,1.0,1.0
mastodon.klattgroup.eu,6.0,884.0,0.0,0.0,0.0,1.0
betterconversations.online,6.0,17.0,0.0,0.0,0.0,
furfaggotry.com,6.0,78.0,0.0,0.0,0.0,0.0
social.pixelgesicht.de,6.0,16.0,0.0,0.0,0.0,0.0
mastodon.shantih19.xyz,6.0,93.0,0.0,0.0,0.0,0.0
sumanko.ml,6.0,24093.0,0.0,0.0,0.0,0.0
social.unraidcloud.de,6.0,104.0,0.0,0.0,0.0,0.0
mastodon.trueten.de,6.0,2900.0,0.0,0.0,0.0,0.0
formu1a.social,6.0,96.0,0.0,0.0,1.0,
socialpa.ws,6.0,80.0,1.0,1.0,1.0,3.0
h.kher.nl,6.0,3647.0,0.0,0.0,0.0,0.0
moe.pastwind.top,6.0,205.0,0.0,0.0,0.0,2.0
noitl.space,6.0,337.0,0.0,0.0,0.0,1.0
nangang.travnewmatic.com,6.0,4091.0,0.0,0.0,0.0,0.0
8sp.de,6.0,519.0,,,,
d3f4ult.space,6.0,71.0,0.0,0.0,0.0,1.0
messydesk.social,6.0,502.0,,,,
themeparks.social,6.0,53.0,0.0,0.0,0.0,0.0
social.sitedethib.com,6.0,64608.0,0.0,0.0,0.0,0.0
social.dsanj.org,6.0,4.0,0.0,0.0,0.0,
pwet.me,6.0,86.0,0.0,0.0,0.0,0.0
secular-humanism.eu,6.0,99.0,0.0,0.0,0.0,1.0
zzz.rocks,6.0,39.0,0.0,0.0,2.0,3.0
sneakerwave.net,6.0,96.0,0.0,0.0,0.0,0.0
bearswithsa.ws,6.0,3.0,0.0,0.0,1.0,
trivia.to,6.0,72.0,0.0,0.0,0.0,0.0
yams.lol,5.0,153.0,0.0,0.0,0.0,1.0
www.folk-music.uk,5.0,548.0,0.0,0.0,0.0,1.0
furfag.de,5.0,2482.0,0.0,0.0,0.0,0.0
social.saufpark.tv,5.0,161.0,0.0,0.0,0.0,0.0
usne.social,5.0,69.0,0.0,0.0,0.0,1.0
wiesbaden.social,5.0,10.0,0.0,3.0,4.0,4.0
term.social,5.0,45.0,0.0,0.0,0.0,0.0
pleroma.otter.sh,5.0,54902.0,0.0,0.0,0.0,0.0
elefant.social,5.0,22901.0,0.0,0.0,0.0,0.0
playadust.social,5.0,6.0,,,,
mastodon.mensoif.cf,5.0,1924.0,0.0,0.0,0.0,0.0
sulegna.de,5.0,93.0,0.0,0.0,0.0,0.0
social.patapouf.xyz,5.0,209.0,0.0,0.0,0.0,0.0
mastodon.wuff-miau.club,5.0,43.0,0.0,0.0,0.0,0.0
welt.all.de,5.0,479.0,0.0,0.0,0.0,0.0
forum.friendi.ca,5.0,4258.0,0.0,0.0,0.0,0.0
indiefilm.fun,5.0,8.0,1.0,1.0,1.0,-2.0
m.smenttech.com,5.0,18.0,0.0,0.0,0.0,
talk.stayas.one,5.0,248.0,0.0,0.0,0.0,1.0
growers.social,5.0,449.0,0.0,0.0,0.0,1.0
soundcafe.nl,5.0,420.0,0.0,0.0,0.0,0.0
amok.recoil.org,5.0,106.0,0.0,1.0,,
social.nauk.io,5.0,145.0,0.0,0.0,0.0,1.0
etw.uk,5.0,45.0,0.0,0.0,0.0,1.0
p.umbriel.fr,5.0,67841.0,0.0,0.0,0.0,0.0
fedi.9til.de,5.0,7979.0,0.0,0.0,0.0,0.0
mastodon.geekonweb.fr,5.0,366.0,0.0,0.0,0.0,0.0
parkfans.network,5.0,4.0,4.0,4.0,,
sacspace.com,5.0,19.0,0.0,0.0,1.0,
social.mef.gg,5.0,26.0,0.0,0.0,1.0,1.0
tried-to-do.science,5.0,78.0,0.0,0.0,0.0,0.0
grand-duchy.net,5.0,31.0,0.0,0.0,0.0,0.0
m.onl,5.0,57.0,0.0,2.0,2.0,
mastodon.goblackcat.com,5.0,286.0,0.0,0.0,0.0,0.0
social.khajiit.de,5.0,80.0,0.0,0.0,0.0,0.0
tt.vvxq.ca,5.0,6242.0,0.0,0.0,0.0,0.0
tentacle.social,5.0,170.0,0.0,0.0,0.0,1.0
pl.veryamt.com,5.0,366.0,0.0,0.0,0.0,0.0
socialcoderz.com,5.0,500.0,0.0,0.0,0.0,0.0
mastodon.lt,5.0,428.0,0.0,0.0,0.0,0.0
frogs.lgbt,5.0,41.0,0.0,0.0,0.0,1.0
social.techn1k.de,5.0,111.0,0.0,0.0,0.0,0.0
mastodon.niu.ne.jp,5.0,81.0,0.0,0.0,0.0,0.0
social.nazileaks.eu,5.0,293.0,0.0,0.0,0.0,0.0
yoitsu.moe,5.0,456.0,0.0,0.0,0.0,0.0
mastodon.sozialdemokratie.social,4.0,109.0,0.0,1.0,1.0,3.0
social.multiverset.net,4.0,79.0,0.0,0.0,0.0,1.0
mastodon.bgzashtita.es,4.0,992.0,0.0,0.0,0.0,0.0
altoetting.social,4.0,67.0,0.0,0.0,0.0,0.0
h1v3.de,4.0,4226.0,0.0,0.0,0.0,1.0
blogator.com,4.0,11.0,0.0,2.0,,
mastodon.mandil.es,4.0,42.0,0.0,1.0,,
freebirds.live,4.0,3.0,,,,
isagood.dog,4.0,4.0,0.0,0.0,0.0,1.0
sbvh.nl,4.0,66.0,0.0,,,
mstdn.quest,4.0,196.0,0.0,0.0,0.0,0.0
soc.lewactwo.pl,4.0,34.0,0.0,0.0,0.0,1.0
social.wien.rocks,4.0,6.0,0.0,0.0,0.0,0.0
social.dropbear.xyz,4.0,1755.0,0.0,0.0,0.0,0.0
social.jcs-net.de,4.0,504.0,1.0,1.0,1.0,1.0
mimastodon.social,4.0,1.0,,,,
mastodon.postmoderns.info,4.0,1680.0,0.0,0.0,0.0,0.0
pleroma.marud.fr,4.0,2617.0,0.0,0.0,0.0,0.0
thegreendragon.online,4.0,70.0,0.0,0.0,0.0,2.0
mirwarso.de,4.0,1.0,0.0,0.0,0.0,0.0
wandern.social,4.0,15.0,0.0,0.0,0.0,
sudo.cat,4.0,348.0,0.0,0.0,0.0,2.0
social.topbridge.io,4.0,28.0,0.0,0.0,0.0,0.0
xreality.social,4.0,41.0,0.0,,,
machida.yokohama,4.0,9844.0,0.0,0.0,0.0,0.0
mastodon.rousset.nom.fr,4.0,136.0,0.0,0.0,0.0,0.0
toots.benpro.fr,4.0,799.0,0.0,0.0,0.0,0.0
kish.social,4.0,44.0,0.0,0.0,0.0,0.0
twunk.io,4.0,119.0,0.0,0.0,0.0,0.0
nycr.social,4.0,80.0,0.0,,,
birdbox.party,4.0,36.0,0.0,0.0,0.0,
coq.social,4.0,20.0,0.0,0.0,0.0,0.0
mammouth.inframed.net,4.0,17387.0,0.0,0.0,0.0,0.0
md.net-p.org,4.0,22805.0,0.0,0.0,0.0,0.0
toot.inkwell.space,4.0,0.0,0.0,0.0,0.0,0.0
thetooter.co.uk,4.0,58.0,0.0,0.0,0.0,0.0
mastodon.qowala.org,4.0,2097.0,0.0,0.0,0.0,0.0
nth.io,4.0,267.0,0.0,0.0,0.0,0.0
cybr.es,4.0,1538.0,0.0,0.0,0.0,0.0
mastodon.ftp.rip,4.0,127.0,0.0,0.0,0.0,0.0
social.mecanis.me,4.0,100849.0,0.0,0.0,0.0,0.0
bytesize.social,4.0,66.0,0.0,0.0,0.0,0.0
mastodon.gruezi.net,4.0,476.0,0.0,0.0,0.0,0.0
mordor.social,4.0,398.0,0.0,0.0,0.0,0.0
chirpi.de,4.0,3187.0,0.0,0.0,0.0,0.0
spaced.in,4.0,1.0,0.0,0.0,0.0,0.0
mastodon.jg1000.fr,4.0,0.0,0.0,0.0,0.0,0.0
mastodon.doctor,4.0,7.0,0.0,0.0,0.0,0.0
foxesare.sexy,4.0,261.0,0.0,0.0,0.0,0.0
openmic.day,4.0,40.0,1.0,1.0,2.0,2.0
social.ahlroos.me,4.0,50.0,,,,
social.joelle.us,4.0,346.0,0.0,0.0,0.0,0.0
veterinary.education,4.0,13.0,0.0,1.0,1.0,2.0
troet.crynet.one,4.0,95.0,0.0,0.0,0.0,0.0
blasmusik.social,4.0,27.0,0.0,0.0,1.0,1.0
mannheim.social,4.0,87.0,0.0,0.0,0.0,0.0
social.rastapuls.com,4.0,159.0,0.0,0.0,0.0,0.0
social.gwei.cz,4.0,270.0,0.0,0.0,0.0,0.0
mbl.social,4.0,182.0,0.0,0.0,0.0,0.0
undefined.social,4.0,81.0,0.0,0.0,1.0,
hub.sakuragawa.moe,4.0,6292.0,0.0,0.0,0.0,0.0
mastodon.rosenberg-watt.com,4.0,247.0,0.0,0.0,0.0,0.0
rtk.social,4.0,96.0,0.0,0.0,0.0,1.0
svrdn.drillion.net,4.0,1585.0,0.0,0.0,0.0,0.0
social.apfelfunk.com,4.0,220.0,0.0,0.0,0.0,0.0
linguisten.info,4.0,52.0,0.0,0.0,0.0,1.0
campdarling.com,4.0,16.0,0.0,0.0,0.0,0.0
mystic.lgbt,4.0,5867.0,0.0,0.0,0.0,0.0
balbec.xyz,4.0,1273.0,0.0,0.0,0.0,0.0
orpticon.social,4.0,10.0,0.0,0.0,0.0,0.0
inkwell.space,4.0,151.0,0.0,0.0,0.0,0.0
mstdn.nicolog.jp,4.0,4562.0,0.0,0.0,0.0,0.0
social.savemy.name,4.0,69.0,0.0,0.0,0.0,0.0
social.baubs.net,4.0,7.0,0.0,,,
mastodon.helvetet.eu,4.0,268.0,0.0,0.0,0.0,0.0
mastodon.motorsport.org.uk,4.0,261.0,0.0,0.0,0.0,3.0
forked.io,4.0,76.0,0.0,0.0,0.0,0.0
social.hanashi.dev,4.0,213.0,0.0,0.0,0.0,0.0
toot.matereal.eu,4.0,101404.0,0.0,0.0,0.0,0.0
mastodon.arss.io,3.0,11.0,0.0,0.0,0.0,1.0
117net.co.uk,3.0,143.0,0.0,0.0,0.0,
masto.ws,3.0,133.0,0.0,0.0,0.0,1.0
datacorner.social,3.0,5.0,0.0,0.0,0.0,1.0
fedi.kcore.org,3.0,627.0,0.0,0.0,0.0,1.0
gdsocial.uk,3.0,6.0,0.0,0.0,0.0,1.0
sio.masto.host,3.0,0.0,0.0,0.0,0.0,0.0
mastodon.nekomimi.jp,3.0,317.0,0.0,0.0,0.0,0.0
cornerbooth.chat,3.0,148.0,0.0,0.0,0.0,1.0
sdfn-01.ninjawedding.org,3.0,10426.0,0.0,0.0,0.0,0.0
yyc.mstdn.live,3.0,9.0,0.0,0.0,0.0,0.0
sachsen-social.de,3.0,10.0,,,,
social.mxsglobal.com,3.0,7.0,0.0,0.0,0.0,0.0
social.farend.co.jp,3.0,1940.0,0.0,0.0,0.0,0.0
idealhealth.social,3.0,2.0,0.0,0.0,0.0,0.0
polxa.online,3.0,423.0,1.0,1.0,1.0,1.0
toot.hordearii.fr,3.0,88.0,0.0,0.0,0.0,1.0
saltwatercity.org,3.0,230.0,0.0,0.0,0.0,0.0
instanzfreun.de,3.0,807.0,0.0,0.0,0.0,0.0
sunshinecoast.social,3.0,0.0,0.0,0.0,1.0,2.0
mammutidae.science,3.0,3.0,1.0,1.0,1.0,
pleroma.tentacle.expert,3.0,43.0,0.0,0.0,0.0,0.0
convo.casa,3.0,11.0,0.0,0.0,0.0,
academictalk.org,3.0,0.0,0.0,0.0,0.0,
sksocial.ca,3.0,8.0,0.0,0.0,0.0,0.0
toot.lol,3.0,23.0,0.0,0.0,0.0,0.0
social.piperswe.me,3.0,17.0,0.0,0.0,0.0,
mastodon.infra.de,3.0,13478.0,0.0,0.0,0.0,0.0
mastodon.dissem.ch,3.0,181.0,0.0,0.0,0.0,0.0
social.buckket.org,3.0,26401.0,0.0,0.0,0.0,0.0
plem.sapphic.site,3.0,638.0,0.0,0.0,0.0,0.0
mastodon.wolfpaw.kr,3.0,12.0,0.0,0.0,0.0,0.0
nimbus.social,3.0,15.0,0.0,0.0,0.0,0.0
social.metaversetrillionaires.club,3.0,163.0,0.0,0.0,0.0,0.0
adhd.energy,3.0,208.0,0.0,0.0,0.0,
toot.com.es,3.0,10.0,0.0,0.0,0.0,
bun.social,3.0,5.0,0.0,0.0,0.0,
mygaming.network,3.0,13.0,0.0,1.0,1.0,2.0
mastodon.cardina1.red,3.0,171108.0,0.0,0.0,0.0,0.0
fromm.social,3.0,863.0,0.0,0.0,0.0,0.0
voiceover.actor,3.0,46.0,0.0,0.0,0.0,1.0
mastobate.com,3.0,5.0,2.0,,,
kirapower.ichigo-hoshimiya.com,3.0,15577.0,0.0,0.0,0.0,0.0
mastodon.kenscott.me,3.0,4.0,0.0,0.0,0.0,1.0
frankenwolke.com,3.0,929.0,0.0,0.0,0.0,0.0
mstdn.nanamachi.net,3.0,477.0,0.0,0.0,0.0,0.0
cliff.social,3.0,6.0,,,,
social.tonesplace.com,3.0,104.0,0.0,0.0,0.0,
federation.krowverse.services,3.0,2326.0,0.0,0.0,0.0,0.0
anticitoyen.fr.nf,3.0,2757.0,0.0,0.0,0.0,0.0
ohnepunktundkomma.org,3.0,205.0,0.0,0.0,0.0,
social.veganact.org.au,3.0,56.0,0.0,0.0,0.0,0.0
troet.eloquer.de,3.0,44.0,,,,
server321.de,3.0,297.0,0.0,0.0,0.0,
social.levelxstudios.org,3.0,3470.0,0.0,0.0,0.0,0.0
masto.ingeechat.party,3.0,80.0,0.0,0.0,0.0,0.0
social.oupsman.fr,3.0,14347.0,0.0,0.0,0.0,0.0
mastodon.lermer.nl,3.0,3975.0,0.0,0.0,0.0,0.0
social.randomserver.org,3.0,22.0,0.0,,,
mtl.rocks,3.0,4.0,,,,
mstdn.gsi.li,3.0,88.0,0.0,0.0,0.0,
www.nekotodon.com,3.0,140.0,0.0,0.0,0.0,1.0
foo.sx,3.0,2031.0,0.0,0.0,0.0,0.0
servus.social,3.0,0.0,0.0,0.0,0.0,
belgadon.be,3.0,70.0,0.0,0.0,0.0,1.0
social.soupco.net,3.0,2.0,0.0,0.0,0.0,
social.right.wtf,3.0,169.0,1.0,1.0,1.0,
tkmb.tokyo,3.0,399.0,0.0,0.0,0.0,0.0
kemoner-don.tokyo,3.0,56.0,0.0,0.0,0.0,0.0
xcloud.zone,3.0,50.0,0.0,0.0,0.0,0.0
stoneartprod.xyz,3.0,28709.0,0.0,0.0,0.0,0.0
usedom.social,3.0,4.0,0.0,0.0,0.0,0.0
masto.blasters.fr,3.0,17.0,0.0,0.0,0.0,
pigleader.com,3.0,9.0,0.0,0.0,0.0,0.0
troll.social,3.0,1.0,1.0,1.0,,
frogmob.life,3.0,1472.0,0.0,0.0,0.0,0.0
toot-lab.reclaim.technology,3.0,298867.0,0.0,0.0,0.0,0.0
mastodon.cgx.me,3.0,2269.0,0.0,0.0,0.0,1.0
iscurrently.live,3.0,514.0,0.0,0.0,0.0,2.0
algebra.chat,3.0,7.0,0.0,0.0,0.0,0.0
stinkytoot.social,3.0,47.0,0.0,0.0,0.0,0.0
backyard.cloud,3.0,13636.0,0.0,0.0,0.0,0.0
mastodon.jtl.vision,3.0,162.0,0.0,0.0,0.0,0.0
mcnamarii.town,3.0,12748.0,0.0,0.0,0.0,0.0
m.bonzoesc.net,3.0,15966.0,0.0,0.0,0.0,0.0
youngroyals.net,3.0,15.0,0.0,0.0,0.0,0.0
mstdn.travelodon.net,3.0,32.0,0.0,0.0,0.0,
mtd.ax9.eu,3.0,53.0,0.0,0.0,0.0,0.0
social.majuus.de,3.0,2.0,0.0,0.0,0.0,0.0
amphora.social,3.0,222.0,0.0,0.0,0.0,
freeside.cafe,2.0,106.0,0.0,0.0,0.0,
hack.with.oxasploits.com,2.0,3.0,,,,
widget.uk,2.0,21.0,0.0,0.0,0.0,
beerandpubs.com,2.0,4.0,0.0,,,
mastodon.yakka.art,2.0,4.0,-2.0,-2.0,-2.0,
mastodon.yeri.be,2.0,292.0,0.0,0.0,0.0,
social.oc.is,2.0,32.0,0.0,0.0,0.0,
m.jinwei.me,2.0,1796.0,0.0,0.0,0.0,0.0
listenbourg.eu,2.0,1.0,0.0,0.0,0.0,
meowstodon.net,2.0,86.0,0.0,0.0,,
social.fosshost.com,2.0,8.0,0.0,0.0,0.0,0.0
social.sly.dev,2.0,12.0,0.0,0.0,0.0,
mastodonte.online,2.0,6.0,,,,
mstdn.live,2.0,0.0,0.0,0.0,0.0,1.0
mastodon.pathconnect.de,2.0,14.0,0.0,0.0,0.0,0.0
me.syslog.eu,2.0,3.0,0.0,0.0,,
social.sineware.ca,2.0,28.0,0.0,0.0,0.0,
social.mastdn.net,2.0,0.0,1.0,,,
wiki.style,2.0,53.0,,,,
mat.random101.net,2.0,1.0,1.0,1.0,1.0,
wbrew.radom.pl,2.0,31.0,,,,
romeorose.nz,2.0,225.0,0.0,0.0,0.0,
rettungsdienst.social,2.0,3.0,0.0,0.0,0.0,0.0
mstdn.tatsuya0902.jp,2.0,178.0,0.0,0.0,0.0,0.0
waechter.ausmv.de,2.0,4.0,0.0,0.0,0.0,
fedibik.es,2.0,4.0,0.0,0.0,0.0,1.0
cruiserhome.org,2.0,5.0,0.0,0.0,0.0,
0x32f.io,2.0,0.0,0.0,0.0,0.0,0.0
social.brainsys.com,2.0,5.0,0.0,0.0,0.0,
mastodon-server.co.uk,2.0,4.0,,,,
heckoverflow.org,2.0,4.0,0.0,0.0,0.0,0.0
ajar.social,2.0,4.0,0.0,0.0,0.0,0.0
recruiter.social,2.0,4.0,0.0,0.0,0.0,
tonybark.com,2.0,1173.0,0.0,0.0,0.0,
social.sanfranciscan.org,2.0,179.0,0.0,0.0,0.0,
bikepacking.social,2.0,1.0,0.0,0.0,,
mastodn.lol,2.0,48.0,0.0,0.0,0.0,
sans.fun,2.0,0.0,0.0,0.0,,
social.vande-walle.eu,2.0,46.0,0.0,0.0,0.0,0.0
mastodon.fqserv.eu,2.0,1.0,0.0,,,
mastodon.theclashfruit.me,2.0,12.0,0.0,0.0,0.0,0.0
mastodon.returntosander.net,2.0,97.0,0.0,,,
social.prospeech.space,2.0,26.0,0.0,0.0,0.0,1.0
notkpop.social,2.0,0.0,,,,
lawfedi.blue,2.0,219.0,0.0,0.0,0.0,0.0
mastodon.137i.de,2.0,1.0,0.0,0.0,0.0,0.0
ostatus.yoh2.ddo.jp,2.0,183.0,0.0,0.0,0.0,0.0
blahut.tech,2.0,2722.0,0.0,0.0,0.0,0.0
social.openlebo.com,2.0,2.0,0.0,0.0,0.0,0.0
mastodon.kryptykphysh.xyz,2.0,259.0,0.0,0.0,0.0,0.0
pleroma.eichler-bg.de,2.0,2.0,0.0,0.0,0.0,0.0
mstdn.ryanak.xyz,2.0,9522.0,0.0,0.0,0.0,0.0
mastodon.kosebamse.com,2.0,451.0,0.0,0.0,0.0,0.0
kicou.info,2.0,2843.0,0.0,0.0,0.0,0.0
pleroma.anduin.net,2.0,1842.0,0.0,0.0,0.0,1.0
mainburg.hallertau.social,2.0,508.0,0.0,0.0,0.0,0.0
mastodon.desmu.fr,2.0,2289.0,0.0,0.0,0.0,0.0
137i.de,2.0,1.0,0.0,0.0,0.0,0.0
bern.social,2.0,92.0,0.0,0.0,0.0,0.0
mytoot.de,2.0,637.0,0.0,0.0,0.0,0.0
m.aqr.af,2.0,106593.0,0.0,0.0,0.0,0.0
mastodon.obsidian-group.co,2.0,20.0,0.0,0.0,0.0,0.0
sandbox.skoji.jp,2.0,31789.0,0.0,0.0,0.0,0.0
teslam.in,2.0,406.0,0.0,0.0,0.0,0.0
social.chatty.monster,2.0,458.0,0.0,0.0,0.0,0.0
reckless.dev,2.0,170.0,0.0,0.0,0.0,0.0
social.pacna.org,2.0,216.0,0.0,0.0,0.0,0.0
mastodon.joinhaven.us,2.0,340.0,0.0,0.0,0.0,0.0
social.mfraters.net,2.0,17.0,0.0,0.0,0.0,0.0
social.ehvstudent.nl,2.0,3.0,0.0,0.0,0.0,0.0
social.gorritodeplata.xyz,2.0,173.0,0.0,0.0,0.0,0.0
hifish.social,2.0,10.0,0.0,0.0,0.0,0.0
social.researchanddestroy.technology,2.0,12.0,0.0,0.0,0.0,0.0
pars.ee,2.0,3764.0,0.0,0.0,0.0,0.0
serval.club,2.0,135.0,0.0,0.0,0.0,0.0
boilingcong.ee,2.0,2503.0,0.0,0.0,0.0,0.0
ostatus.lardbucket.org,2.0,13527.0,0.0,0.0,0.0,0.0
social.xthemage.net,2.0,9994.0,0.0,0.0,0.0,0.0
social.anufrij.de,2.0,714.0,0.0,0.0,0.0,0.0
club.darknight-coffee.org,2.0,2.0,0.0,0.0,1.0,1.0
nixeneko.info,2.0,28688.0,0.0,0.0,0.0,0.0
mazzo.masto.host,2.0,560.0,0.0,0.0,0.0,0.0
junkhub.org,2.0,5395.0,0.0,0.0,0.0,0.0
mastodon.digitalsuccess.dev,2.0,55.0,0.0,0.0,0.0,0.0
mastodon.darkou.fr,2.0,2770.0,0.0,0.0,0.0,0.0
mstdn.sastudio.jp,2.0,158794.0,0.0,0.0,0.0,0.0
yamagadon.com,2.0,848.0,0.0,0.0,0.0,0.0
tentacleric.com,2.0,667.0,0.0,0.0,0.0,0.0
bulbulator.net,2.0,122.0,0.0,0.0,0.0,0.0
wireless-iot.social,2.0,37.0,0.0,0.0,0.0,0.0
tusk.sfunk1x.com,2.0,466.0,0.0,0.0,0.0,0.0
maron.blue,2.0,25.0,0.0,0.0,0.0,0.0
social.kleinrensing.com,2.0,13.0,0.0,0.0,0.0,0.0
pleroma.iklstgery.nohost.me,2.0,1.0,0.0,0.0,0.0,0.0
toot.roothell.org,2.0,2674.0,0.0,0.0,0.0,0.0
social.finkhaeuser.de,2.0,6207.0,0.0,0.0,0.0,0.0
agora.echelon.pl,2.0,4457.0,0.0,0.0,0.0,0.0
social.thecum.zone,2.0,56.0,0.0,0.0,0.0,0.0
social.0ko.me,2.0,7584.0,0.0,0.0,0.0,0.0
thevillastraylight.com,2.0,57452.0,0.0,0.0,0.0,0.0
mastodon.nexusuk.org,2.0,90.0,0.0,0.0,0.0,0.0
gs.yvt.jp,2.0,6858.0,0.0,0.0,0.0,0.0
veah.cocoa.moe,2.0,21.0,0.0,0.0,0.0,0.0
mastodimation.art,2.0,9.0,0.0,0.0,0.0,0.0
chabant.social,2.0,1028.0,0.0,0.0,0.0,0.0
chat-node.uk,2.0,15.0,0.0,0.0,0.0,0.0
social.sodes.ro,2.0,32.0,0.0,0.0,0.0,0.0
scl.zmb.cm,2.0,1325.0,0.0,0.0,0.0,0.0
iys.io,2.0,3.0,0.0,0.0,0.0,0.0
pouet.april.org,2.0,5190.0,0.0,0.0,0.0,0.0
social.beepboop.ga,2.0,93773.0,0.0,0.0,0.0,0.0
mastodon.dr-hardware.ch,2.0,29.0,0.0,0.0,0.0,0.0
bytebuilders.uk,2.0,212.0,0.0,0.0,0.0,1.0
kottman.xyz,2.0,1213.0,0.0,0.0,0.0,0.0
social.jardanet.com,2.0,20.0,0.0,0.0,0.0,1.0
niflheim.social,2.0,77.0,0.0,0.0,0.0,0.0
masto.azisserver.me,2.0,4.0,0.0,0.0,0.0,0.0
social.badabam.net,2.0,2056.0,0.0,0.0,0.0,0.0
wang.nz,2.0,19.0,0.0,0.0,0.0,0.0
tooting.intensifi.es,2.0,31816.0,0.0,0.0,0.0,0.0
adney.land,2.0,166.0,0.0,0.0,0.0,0.0
mastodon.lertsenem.com,2.0,10333.0,0.0,0.0,0.0,0.0
fissionator.com,2.0,864.0,0.0,0.0,0.0,0.0
joelburns.me,2.0,18.0,1.0,1.0,1.0,1.0
toot.poedelwitz.de,2.0,12.0,0.0,0.0,0.0,0.0
drumbum42.com,2.0,209.0,0.0,0.0,0.0,0.0
social.4f9e1738.ignorelist.com,2.0,302.0,0.0,0.0,0.0,0.0
fedi.cheeseland.xyz,2.0,535.0,0.0,0.0,0.0,0.0
mstdn.ht164.jp,2.0,16261.0,0.0,0.0,0.0,0.0
ggtea.org,2.0,47.0,0.0,0.0,0.0,0.0
social.vleij.com,2.0,107.0,0.0,0.0,0.0,0.0
kannitverstan.eu,2.0,64.0,0.0,0.0,0.0,0.0
mastodon.lavergne.online,2.0,158.0,0.0,0.0,0.0,0.0
overheard.social,2.0,73.0,0.0,0.0,0.0,0.0
pleroma-in.ouda.space,2.0,9034.0,0.0,0.0,0.0,0.0
toot.nclf.net,2.0,183.0,0.0,0.0,0.0,0.0
asphodel.rip,2.0,41.0,0.0,0.0,0.0,0.0
smeap.com,2.0,6481.0,0.0,0.0,0.0,0.0
social.aero,2.0,81.0,0.0,0.0,0.0,0.0
agilodon.social,2.0,272.0,0.0,0.0,0.0,0.0
mstdn.soysoftware.net,2.0,6559.0,0.0,0.0,0.0,0.0
mastodon.mechanicalmischief.com,2.0,198.0,0.0,0.0,0.0,0.0
pleroma.oook.fr,2.0,1718.0,0.0,0.0,0.0,0.0
mstdn.neigepluie.net,2.0,49.0,0.0,0.0,0.0,0.0
msps.io,2.0,518.0,0.0,0.0,0.0,0.0
m.right.wtf,2.0,95.0,0.0,0.0,0.0,0.0
raptol.net,1.0,42795.0,0.0,0.0,0.0,0.0
vizibol.social,1.0,0.0,0.0,-1.0,0.0,
mstdn.rukin.me,1.0,269.0,0.0,0.0,0.0,0.0
akko.kalasarn.se,1.0,1381.0,0.0,0.0,0.0,0.0
home.schwetz.au,1.0,17.0,0.0,0.0,0.0,
social.surfnet.space,1.0,1057.0,0.0,0.0,0.0,0.0
heijmans.social,1.0,10.0,0.0,0.0,0.0,
pler.gtx.dynu.net,1.0,446.0,0.0,0.0,0.0,0.0
uncorking.me,1.0,163.0,0.0,0.0,0.0,
moytura.org,1.0,619.0,0.0,0.0,0.0,0.0
metuba.hostdon.jp,1.0,284.0,0.0,0.0,0.0,0.0
toot.nx-pod.de,1.0,39.0,0.0,0.0,0.0,0.0
social.integritymo.de,1.0,292.0,0.0,0.0,0.0,0.0
mustdon.herokuapp.com,1.0,0.0,0.0,0.0,0.0,0.0
wit.social,1.0,1.0,0.0,0.0,0.0,
bruder.space,1.0,1965.0,0.0,0.0,0.0,0.0
mastodon.exitmusic.world,1.0,138.0,0.0,0.0,,
social.gould.cx,1.0,158.0,0.0,0.0,0.0,0.0
mastodon.sxpert.org,1.0,473.0,0.0,0.0,0.0,0.0
mastodon.furrypaws.cc,1.0,2.0,0.0,,,
engineered.space,1.0,3206.0,0.0,0.0,0.0,0.0
ofuton.io,1.0,203.0,0.0,0.0,0.0,0.0
is.a.qute.dog,1.0,4829.0,0.0,0.0,0.0,0.0
pouet.couchet.org,1.0,6032.0,0.0,0.0,0.0,0.0
mastodon.zunda.ninja,1.0,101247.0,0.0,0.0,0.0,0.0
social.myconan.net,1.0,151.0,0.0,0.0,0.0,0.0
mstdn.barippi.com,1.0,49.0,0.0,0.0,0.0,0.0
sorbit.no,1.0,1.0,,,,
toot.yukimochi.jp,1.0,69467.0,0.0,0.0,0.0,0.0
s.ovalerio.net,1.0,1160.0,0.0,0.0,0.0,0.0
biddul.ph,1.0,8.0,,,,
mastodon.hugopoi.net,1.0,3592.0,0.0,0.0,0.0,0.0
social.shadowfacts.net,1.0,13763.0,0.0,0.0,0.0,0.0
spanner.works,1.0,2927.0,0.0,0.0,0.0,0.0
mastodon.ar.al,1.0,19803.0,0.0,0.0,0.0,0.0
mas.home.monsiteinternet.org,1.0,949.0,0.0,0.0,0.0,0.0
social.lukenbaugh.com,1.0,1.0,,,,
social.ballpointcarrot.net,1.0,519.0,0.0,0.0,0.0,0.0
social.diskseven.com,1.0,76771.0,0.0,0.0,0.0,0.0
0xff.social,1.0,8.0,0.0,,,
mastodon.izzz.fr,1.0,30.0,0.0,0.0,0.0,0.0
social.mofu2charger-listenradio.net,1.0,504.0,0.0,0.0,0.0,0.0
mastodon.immae.eu,1.0,252.0,0.0,0.0,0.0,0.0
mastodon.owls.io,1.0,8.0,0.0,0.0,0.0,0.0
m.mtjm.eu,1.0,45.0,0.0,0.0,0.0,0.0
pachyderm.herokuapp.com,1.0,1.0,0.0,0.0,0.0,0.0
nejiamasi.com,1.0,218.0,0.0,0.0,0.0,0.0
mastodoooooon.herokuapp.com,1.0,17.0,0.0,0.0,0.0,0.0
mstdn.mk39.xyz,1.0,589.0,0.0,0.0,0.0,0.0
bloodmountain.herokuapp.com,1.0,1.0,0.0,0.0,0.0,0.0
don.m2hq.net,1.0,18409.0,0.0,0.0,0.0,0.0
mstdn.image-space.info,1.0,39.0,0.0,0.0,0.0,0.0
mstdn.zoddo.fr,1.0,473.0,0.0,0.0,0.0,0.0
mastodon.gargantia.fr,1.0,3186.0,0.0,0.0,0.0,0.0
posts.thiart.com,1.0,13.0,0.0,0.0,,
ykzts.technology,1.0,1357.0,0.0,0.0,0.0,0.0
mstdn.cygnan.com,1.0,427.0,0.0,0.0,0.0,0.0
mastodon.matcha-soft.com,1.0,567.0,0.0,0.0,0.0,0.0
federate.me.uk,1.0,44.0,0.0,0.0,,
social.rocketeer.be,1.0,11.0,0.0,0.0,,
mstdn.fujii-yuji.net,1.0,88630.0,0.0,0.0,0.0,0.0
mstdn.kanagu.info,1.0,45391.0,0.0,0.0,0.0,0.0
durel.org,1.0,97.0,0.0,0.0,0.0,0.0
mastodon.greenpeace.ch,1.0,4196.0,0.0,0.0,0.0,0.0
mean.engineer,1.0,0.0,0.0,0.0,0.0,
mastodon.nesven.eu,1.0,12.0,0.0,0.0,0.0,0.0
werd.social,1.0,520.0,0.0,0.0,0.0,0.0
social.4netguides.org,1.0,47.0,0.0,0.0,0.0,0.0
mastodon.schle.nz,1.0,51.0,0.0,0.0,0.0,0.0
mastodon.blessedgeeks.com,1.0,646.0,0.0,0.0,0.0,0.0
mastodon.linkedweb.org,1.0,0.0,0.0,0.0,0.0,0.0
fedi.safewebbox.com,1.0,153.0,0.0,0.0,0.0,0.0
scissorme.mywire.org,1.0,96.0,0.0,0.0,0.0,0.0
comicbooks.social,1.0,1.0,0.0,0.0,0.0,0.0
mastodon.oliverfalvai.xyz,1.0,36.0,0.0,0.0,0.0,0.0
marzillier.net,1.0,23.0,0.0,0.0,0.0,0.0
gts.zknt.org,1.0,144.0,0.0,0.0,0.0,0.0
mastodon.justsky.in,1.0,0.0,0.0,0.0,0.0,0.0
meinmuenster.land,1.0,233.0,0.0,0.0,0.0,0.0
otter.tube,1.0,588.0,0.0,0.0,0.0,0.0
toot.d.sb,1.0,34.0,0.0,0.0,0.0,0.0
cuff.social,1.0,228.0,0.0,0.0,0.0,0.0
wltr.pw,1.0,612.0,0.0,0.0,0.0,0.0
orchorde.masto.host,1.0,22.0,0.0,0.0,0.0,0.0
social.m1nd.io,1.0,1.0,0.0,0.0,0.0,0.0
xerg.ga,1.0,1221.0,0.0,0.0,0.0,0.0
mastodon.iklem.fr,1.0,17.0,0.0,0.0,0.0,0.0
gonzohacker.com,1.0,20.0,0.0,0.0,0.0,0.0
mastodon.zuto.ga,1.0,13.0,0.0,0.0,0.0,0.0
sysadmins.zone,1.0,47.0,0.0,0.0,0.0,0.0
mastodon.rosseaux.com,1.0,12.0,0.0,0.0,0.0,0.0
pl.pyrope.net,1.0,75.0,0.0,0.0,0.0,0.0
d0y.de,1.0,0.0,0.0,0.0,0.0,0.0
akko.anemoneya.me,1.0,293.0,0.0,0.0,0.0,0.0
bunnytopia.com,1.0,1.0,0.0,0.0,0.0,0.0
mastodon.cloudcauldron.io,1.0,59.0,0.0,0.0,0.0,0.0
social.blogsofwar.com,1.0,768.0,0.0,0.0,0.0,0.0
trans.au,1.0,38.0,0.0,0.0,0.0,0.0
yvr.mstdn.live,1.0,0.0,0.0,0.0,0.0,0.0
mastodon.woutfeys.be,1.0,50.0,0.0,0.0,0.0,0.0
toot.gagniard.org,1.0,20.0,0.0,0.0,0.0,0.0
mastodon.kevread.fr,1.0,0.0,0.0,0.0,0.0,0.0
mookie.xyz,1.0,109.0,0.0,0.0,0.0,0.0
mastodon.bet,1.0,0.0,0.0,0.0,0.0,0.0
social.cativa.net,1.0,137.0,0.0,0.0,0.0,0.0
1689.social,1.0,12.0,0.0,0.0,0.0,0.0
reyuzenfold.com,1.0,16.0,0.0,0.0,0.0,0.0
mastodon.grozav.dev,1.0,341.0,0.0,0.0,0.0,0.0
fckmsk.social,1.0,0.0,0.0,0.0,0.0,
lech.social,1.0,1.0,0.0,0.0,0.0,0.0
pyxel.crynet.one,1.0,9.0,0.0,0.0,0.0,0.0
toot.thomcat.rocks,1.0,15.0,0.0,0.0,0.0,0.0
social.vegan.im.it,1.0,5.0,0.0,0.0,0.0,0.0
mstdn.nekonote.cc,1.0,3693.0,0.0,0.0,0.0,0.0
social.matej-lach.me,1.0,6443.0,0.0,0.0,0.0,0.0
mstdn.cloud.themaymeow.com,1.0,918.0,0.0,0.0,0.0,0.0
mastodon.s-yurama.com,1.0,235.0,0.0,0.0,0.0,0.0
gts.skew-t.com,1.0,25.0,0.0,0.0,0.0,
my.brick.camp,1.0,695.0,0.0,0.0,0.0,0.0
jonleibowitz.social,1.0,649.0,0.0,0.0,0.0,0.0
earfolds.com,1.0,707.0,0.0,0.0,0.0,0.0
asocial.sysrq.in,1.0,3.0,0.0,0.0,0.0,
lazyatom.social,1.0,217.0,0.0,0.0,0.0,0.0
mastodon.kxn4t.tech,1.0,25178.0,0.0,0.0,0.0,0.0
flagada.org,1.0,2.0,0.0,0.0,0.0,0.0
onlyfeds.cc,1.0,47.0,0.0,0.0,0.0,0.0
moc.d-x-b.com,1.0,691.0,0.0,0.0,0.0,
friendica.jb-net.us,1.0,330.0,0.0,0.0,0.0,0.0
omochi.xyz,1.0,23742.0,0.0,0.0,0.0,0.0
ajin.la,1.0,39272.0,0.0,0.0,0.0,0.0
mastodon.8086.org,1.0,5.0,0.0,0.0,0.0,
san-junipero.gimme-sympathy.org,1.0,331.0,0.0,0.0,0.0,0.0
mosw.work,1.0,277418.0,0.0,0.0,0.0,0.0
social.vikings.net,1.0,17.0,0.0,0.0,0.0,0.0
friendica.art3mis.de,1.0,1813.0,0.0,0.0,0.0,0.0
m.divita.eu,1.0,757.0,0.0,0.0,0.0,0.0
thechairman.info,1.0,902.0,0.0,0.0,0.0,0.0
sensibleowl.social,1.0,10.0,0.0,0.0,0.0,0.0
mthie.net,1.0,2914.0,0.0,0.0,0.0,0.0
social.scriptjunkie.us,1.0,2273.0,0.0,0.0,0.0,
albaruthenica.masto.host,1.0,146.0,0.0,0.0,0.0,0.0
mastodon.fedisaur.us,1.0,54.0,0.0,0.0,0.0,0.0
m.with.moe,1.0,0.0,0.0,0.0,0.0,0.0
thisis.mylegendary.quest,1.0,780.0,0.0,0.0,0.0,0.0
discorporea.com,1.0,14.0,0.0,0.0,0.0,0.0
social.inzeiten.de,1.0,432.0,0.0,0.0,0.0,0.0
fintwit.superverse.org,1.0,0.0,0.0,0.0,0.0,
mastodon.cloomii.com,1.0,3.0,0.0,0.0,0.0,0.0
irrsinn.life,1.0,806.0,0.0,0.0,0.0,0.0
social.dnlr.org,1.0,18.0,0.0,0.0,0.0,
social.van-hemmen.com,1.0,63.0,0.0,0.0,0.0,0.0
club.darknight-coffee.eu,1.0,468.0,0.0,0.0,0.0,0.0
gfk.social,1.0,146.0,0.0,0.0,0.0,0.0
matthewgall.chat,1.0,211.0,0.0,0.0,0.0,0.0
entomophagy.world,1.0,126.0,0.0,0.0,0.0,-18.0
thx.one,1.0,0.0,0.0,0.0,0.0,0.0
mastodon.greenwichmeanti.me,1.0,94.0,0.0,0.0,0.0,0.0
xn--trt-tna.sebtobie.de,1.0,233.0,0.0,0.0,0.0,
disiviva.tips,1.0,0.0,0.0,0.0,0.0,0.0
mstdn.yamaken.jp,1.0,32.0,0.0,0.0,0.0,0.0
